X_test_1_length_words,X_test_1_citation_count,X_test_1_question_count,X_test_1_mattr,X_test_1_sentiment_polarity,X_test_1_similarity_score,X_test_1_flesch_reading_ease,X_test_1_politeness_score,X_test_1_hedging,Y_test_1,X_test_2_length_words,X_test_2_citation_count,X_test_2_question_count,X_test_2_mattr,X_test_2_sentiment_polarity,X_test_2_similarity_score,X_test_2_flesch_reading_ease,X_test_2_politeness_score,X_test_2_hedging,Y_test_2,X_test_3_length_words,X_test_3_citation_count,X_test_3_question_count,X_test_3_mattr,X_test_3_sentiment_polarity,X_test_3_similarity_score,X_test_3_flesch_reading_ease,X_test_3_politeness_score,X_test_3_hedging,Y_test_3,X_test_4_length_words,X_test_4_citation_count,X_test_4_question_count,X_test_4_mattr,X_test_4_sentiment_polarity,X_test_4_similarity_score,X_test_4_flesch_reading_ease,X_test_4_politeness_score,X_test_4_hedging,Y_test_4,X_test_5_length_words,X_test_5_citation_count,X_test_5_question_count,X_test_5_mattr,X_test_5_sentiment_polarity,X_test_5_similarity_score,X_test_5_flesch_reading_ease,X_test_5_politeness_score,X_test_5_hedging,Y_test_5,X_test_6_length_words,X_test_6_citation_count,X_test_6_question_count,X_test_6_mattr,X_test_6_sentiment_polarity,X_test_6_similarity_score,X_test_6_flesch_reading_ease,X_test_6_politeness_score,X_test_6_hedging,Y_test_6,X_test_7_length_words,X_test_7_citation_count,X_test_7_question_count,X_test_7_mattr,X_test_7_sentiment_polarity,X_test_7_similarity_score,X_test_7_flesch_reading_ease,X_test_7_politeness_score,X_test_7_hedging,Y_test_7,X_test_8_length_words,X_test_8_citation_count,X_test_8_question_count,X_test_8_mattr,X_test_8_sentiment_polarity,X_test_8_similarity_score,X_test_8_flesch_reading_ease,X_test_8_politeness_score,X_test_8_hedging,Y_test_8,X_test_9_length_words,X_test_9_citation_count,X_test_9_question_count,X_test_9_mattr,X_test_9_sentiment_polarity,X_test_9_similarity_score,X_test_9_flesch_reading_ease,X_test_9_politeness_score,X_test_9_hedging,Y_test_9,X_test_10_length_words,X_test_10_citation_count,X_test_10_question_count,X_test_10_mattr,X_test_10_sentiment_polarity,X_test_10_similarity_score,X_test_10_flesch_reading_ease,X_test_10_politeness_score,X_test_10_hedging,Y_test_10
273.0,0.0,5.0,0.7173,0.1245098039,0.8775630593,22.7412,0.0999,0.0,67.0,,,,,,,,,,,,,,,,,,,,,,,,,,,,,,,,,,,,,,,,,,,,,,,,,,,,,,,,,,,,,,,,,,,,,,,,,,,,,,,,,,,,,,,,,,
328.0,4.0,8.0,0.8027000000000001,0.1464980159,0.8531657457,35.3958,0.1507,0.0,75.0,,,,,,,,,,,,,,,,,,,,,,,,,,,,,,,,,,,,,,,,,,,,,,,,,,,,,,,,,,,,,,,,,,,,,,,,,,,,,,,,,,,,,,,,,,
669.0,10.0,14.0,0.753,0.0903401361,0.8664653897,42.5651,0.1507,0.0128205128205127,80.0,,,,,,,,,,,,,,,,,,,,,,,,,,,,,,,,,,,,,,,,,,,,,,,,,,,,,,,,,,,,,,,,,,,,,,,,,,,,,,,,,,,,,,,,,,
358.0,0.0,2.0,0.7825000000000001,0.1275074405,0.8477004170000001,33.3958,0.1262,0.0,80.0,,,,,,,,,,,,,,,,,,,,,,,,,,,,,,,,,,,,,,,,,,,,,,,,,,,,,,,,,,,,,,,,,,,,,,,,,,,,,,,,,,,,,,,,,,
473.0,0.0,1.0,0.7464000000000001,0.1097294372,0.9120528102,36.08,0.2025,0.0,85.0,,,,,,,,,,,,,,,,,,,,,,,,,,,,,,,,,,,,,,,,,,,,,,,,,,,,,,,,,,,,,,,,,,,,,,,,,,,,,,,,,,,,,,,,,,
452.0,0.0,1.0,0.7681,0.1465895563,0.867398262,29.1615,0.464,0.0,70.0,,,,,,,,,,,,,,,,,,,,,,,,,,,,,,,,,,,,,,,,,,,,,,,,,,,,,,,,,,,,,,,,,,,,,,,,,,,,,,,,,,,,,,,,,,
1570.0,0.0,3.0,0.7853,0.0533716842,0.9450801611,55.13,0.0743,0.0,80.0,,,,,,,,,,,,,,,,,,,,,,,,,,,,,,,,,,,,,,,,,,,,,,,,,,,,,,,,,,,,,,,,,,,,,,,,,,,,,,,,,,,,,,,,,,
130.0,0.0,1.0,0.7995,0.1777777778,0.9095652103,32.2492,0.1633,0.0109890109890109,20.0,,,,,,,,,,,,,,,,,,,,,,,,,,,,,,,,,,,,,,,,,,,,,,,,,,,,,,,,,,,,,,,,,,,,,,,,,,,,,,,,,,,,,,,,,,
380.0,0.0,0.0,0.8179000000000001,0.1948156682,0.892482996,25.9473,0.2025,0.0,70.0,,,,,,,,,,,,,,,,,,,,,,,,,,,,,,,,,,,,,,,,,,,,,,,,,,,,,,,,,,,,,,,,,,,,,,,,,,,,,,,,,,,,,,,,,,
389.0,1.0,7.0,0.7881,0.1882653061,0.9128586054,56.4134,0.2025,0.0,40.0,,,,,,,,,,,,,,,,,,,,,,,,,,,,,,,,,,,,,,,,,,,,,,,,,,,,,,,,,,,,,,,,,,,,,,,,,,,,,,,,,,,,,,,,,,
479.0,5.0,4.0,0.7713,0.1888736264,0.9150463343,28.23,0.6118,0.010752688172043,89.0,,,,,,,,,,,,,,,,,,,,,,,,,,,,,,,,,,,,,,,,,,,,,,,,,,,,,,,,,,,,,,,,,,,,,,,,,,,,,,,,,,,,,,,,,,
100.0,0.0,0.0,0.7108,-0.0058928571,0.9032465816,35.0995,0.0945,0.010204081632653,40.0,,,,,,,,,,,,,,,,,,,,,,,,,,,,,,,,,,,,,,,,,,,,,,,,,,,,,,,,,,,,,,,,,,,,,,,,,,,,,,,,,,,,,,,,,,
271.0,0.0,0.0,0.7132000000000001,0.0896616541,0.921692729,43.8468,0.1262,0.0104166666666666,80.0,,,,,,,,,,,,,,,,,,,,,,,,,,,,,,,,,,,,,,,,,,,,,,,,,,,,,,,,,,,,,,,,,,,,,,,,,,,,,,,,,,,,,,,,,,
1105.0,0.0,0.0,0.7925000000000001,-0.0045887446,0.9033892155,42.92,0.1623,0.0,82.0,,,,,,,,,,,,,,,,,,,,,,,,,,,,,,,,,,,,,,,,,,,,,,,,,,,,,,,,,,,,,,,,,,,,,,,,,,,,,,,,,,,,,,,,,,
558.0,0.0,0.0,0.784,0.1161662631,0.9306662679,26.0,0.129,0.0,95.0,,,,,,,,,,,,,,,,,,,,,,,,,,,,,,,,,,,,,,,,,,,,,,,,,,,,,,,,,,,,,,,,,,,,,,,,,,,,,,,,,,,,,,,,,,
306.0,0.0,10.0,0.7398,0.0801587302,0.9148631692,51.1349,0.1509,0.0,65.0,,,,,,,,,,,,,,,,,,,,,,,,,,,,,,,,,,,,,,,,,,,,,,,,,,,,,,,,,,,,,,,,,,,,,,,,,,,,,,,,,,,,,,,,,,
529.0,0.0,12.0,0.7856000000000001,0.077027027,0.9623354077,43.858,0.1879,0.0,80.0,,,,,,,,,,,,,,,,,,,,,,,,,,,,,,,,,,,,,,,,,,,,,,,,,,,,,,,,,,,,,,,,,,,,,,,,,,,,,,,,,,,,,,,,,,
67.0,0.0,0.0,0.8271000000000001,0.0641666667,0.5431773663,3.63,0.0999,0.0,50.0,,,,,,,,,,,,,,,,,,,,,,,,,,,,,,,,,,,,,,,,,,,,,,,,,,,,,,,,,,,,,,,,,,,,,,,,,,,,,,,,,,,,,,,,,,
482.0,0.0,0.0,0.7688,0.0870438856,0.9067310691,50.36,0.1733,0.0194174757281553,65.0,,,,,,,,,,,,,,,,,,,,,,,,,,,,,,,,,,,,,,,,,,,,,,,,,,,,,,,,,,,,,,,,,,,,,,,,,,,,,,,,,,,,,,,,,,
254.0,0.0,0.0,0.771,-0.0308035714,0.9117639065,36.4682,0.2191,0.0,60.0,,,,,,,,,,,,,,,,,,,,,,,,,,,,,,,,,,,,,,,,,,,,,,,,,,,,,,,,,,,,,,,,,,,,,,,,,,,,,,,,,,,,,,,,,,
1288.0,1.0,1.0,0.7519,-0.0184439478,0.8718345165,46.17,0.0891,0.0,95.0,,,,,,,,,,,,,,,,,,,,,,,,,,,,,,,,,,,,,,,,,,,,,,,,,,,,,,,,,,,,,,,,,,,,,,,,,,,,,,,,,,,,,,,,,,
252.0,0.0,7.0,0.7828,0.1666666667,0.9260005355,30.2158,0.1199,0.0,67.0,,,,,,,,,,,,,,,,,,,,,,,,,,,,,,,,,,,,,,,,,,,,,,,,,,,,,,,,,,,,,,,,,,,,,,,,,,,,,,,,,,,,,,,,,,
133.0,0.0,0.0,0.7155,0.0346338384,0.8429466486,43.7599,0.0999,0.0096153846153845,20.0,,,,,,,,,,,,,,,,,,,,,,,,,,,,,,,,,,,,,,,,,,,,,,,,,,,,,,,,,,,,,,,,,,,,,,,,,,,,,,,,,,,,,,,,,,
640.0,0.0,2.0,0.7908000000000001,0.1162368881,0.8519799113000001,47.59,0.2025,0.0,95.0,,,,,,,,,,,,,,,,,,,,,,,,,,,,,,,,,,,,,,,,,,,,,,,,,,,,,,,,,,,,,,,,,,,,,,,,,,,,,,,,,,,,,,,,,,
328.0,4.0,8.0,0.8027000000000001,0.1464980159,0.8531657457,35.3958,0.1507,0.0,85.0,,,,,,,,,,,,,,,,,,,,,,,,,,,,,,,,,,,,,,,,,,,,,,,,,,,,,,,,,,,,,,,,,,,,,,,,,,,,,,,,,,,,,,,,,,
278.0,0.0,0.0,0.8098000000000001,0.0605264378,0.8219593763,24.2808,0.0751,0.0,80.0,,,,,,,,,,,,,,,,,,,,,,,,,,,,,,,,,,,,,,,,,,,,,,,,,,,,,,,,,,,,,,,,,,,,,,,,,,,,,,,,,,,,,,,,,,
415.0,0.0,2.0,0.7866000000000001,0.0921696557,0.9061119556,43.6815,0.4482,0.032258064516129,75.0,,,,,,,,,,,,,,,,,,,,,,,,,,,,,,,,,,,,,,,,,,,,,,,,,,,,,,,,,,,,,,,,,,,,,,,,,,,,,,,,,,,,,,,,,,
1975.0,4.0,2.0,0.5918,-0.0331199225,0.8533676863,51.95,0.1878,0.0,97.0,,,,,,,,,,,,,,,,,,,,,,,,,,,,,,,,,,,,,,,,,,,,,,,,,,,,,,,,,,,,,,,,,,,,,,,,,,,,,,,,,,,,,,,,,,
225.0,0.0,4.0,0.7319,0.2205882353,0.8910561204,41.1356,0.1507,0.0106382978723403,70.0,,,,,,,,,,,,,,,,,,,,,,,,,,,,,,,,,,,,,,,,,,,,,,,,,,,,,,,,,,,,,,,,,,,,,,,,,,,,,,,,,,,,,,,,,,
586.0,0.0,6.0,0.7977000000000001,0.1171066253,0.94465065,25.0653,0.1262,0.0,78.0,,,,,,,,,,,,,,,,,,,,,,,,,,,,,,,,,,,,,,,,,,,,,,,,,,,,,,,,,,,,,,,,,,,,,,,,,,,,,,,,,,,,,,,,,,
482.0,0.0,0.0,0.7688,0.0870438856,0.9067310691,50.36,0.1733,0.0194174757281553,80.0,,,,,,,,,,,,,,,,,,,,,,,,,,,,,,,,,,,,,,,,,,,,,,,,,,,,,,,,,,,,,,,,,,,,,,,,,,,,,,,,,,,,,,,,,,
1161.0,0.0,13.0,0.7745000000000001,0.0963321995,0.9078657031,38.9031,0.0977,0.0,98.0,,,,,,,,,,,,,,,,,,,,,,,,,,,,,,,,,,,,,,,,,,,,,,,,,,,,,,,,,,,,,,,,,,,,,,,,,,,,,,,,,,,,,,,,,,
317.0,0.0,11.0,0.7843,0.1904411765,0.8207837343000001,29.96,0.1939,0.0121951219512195,40.0,,,,,,,,,,,,,,,,,,,,,,,,,,,,,,,,,,,,,,,,,,,,,,,,,,,,,,,,,,,,,,,,,,,,,,,,,,,,,,,,,,,,,,,,,,
303.0,0.0,2.0,0.7442000000000001,0.2003176931,0.8941668272000001,36.8412,0.0513,0.031578947368421,65.0,,,,,,,,,,,,,,,,,,,,,,,,,,,,,,,,,,,,,,,,,,,,,,,,,,,,,,,,,,,,,,,,,,,,,,,,,,,,,,,,,,,,,,,,,,
151.0,0.0,0.0,0.7539,0.0711904762,0.7818619609,48.9543,0.1844,0.0,65.0,,,,,,,,,,,,,,,,,,,,,,,,,,,,,,,,,,,,,,,,,,,,,,,,,,,,,,,,,,,,,,,,,,,,,,,,,,,,,,,,,,,,,,,,,,
977.0,0.0,0.0,0.768,0.0907392027,0.9176636934,44.2756,0.0665,0.0,100.0,,,,,,,,,,,,,,,,,,,,,,,,,,,,,,,,,,,,,,,,,,,,,,,,,,,,,,,,,,,,,,,,,,,,,,,,,,,,,,,,,,,,,,,,,,
540.0,0.0,0.0,0.8038000000000001,0.1013716889,0.8762588501,30.7,0.1342,0.01010101010101,70.0,,,,,,,,,,,,,,,,,,,,,,,,,,,,,,,,,,,,,,,,,,,,,,,,,,,,,,,,,,,,,,,,,,,,,,,,,,,,,,,,,,,,,,,,,,
712.0,1.0,1.0,0.8181,0.1339285714,0.8927021623,38.25,0.9486,0.0,92.0,,,,,,,,,,,,,,,,,,,,,,,,,,,,,,,,,,,,,,,,,,,,,,,,,,,,,,,,,,,,,,,,,,,,,,,,,,,,,,,,,,,,,,,,,,
1453.0,5.0,9.0,0.8006000000000001,0.0900611326,0.9462785125,48.5,0.0501,0.0,78.0,,,,,,,,,,,,,,,,,,,,,,,,,,,,,,,,,,,,,,,,,,,,,,,,,,,,,,,,,,,,,,,,,,,,,,,,,,,,,,,,,,,,,,,,,,
463.0,3.0,1.0,0.8174,0.100393028,0.9493124485,43.6879,0.1933,0.0,60.0,,,,,,,,,,,,,,,,,,,,,,,,,,,,,,,,,,,,,,,,,,,,,,,,,,,,,,,,,,,,,,,,,,,,,,,,,,,,,,,,,,,,,,,,,,
720.0,5.0,0.0,0.7541,0.0956459436,0.9084495306,42.3274,0.0512,0.009090909090909,80.0,,,,,,,,,,,,,,,,,,,,,,,,,,,,,,,,,,,,,,,,,,,,,,,,,,,,,,,,,,,,,,,,,,,,,,,,,,,,,,,,,,,,,,,,,,
270.0,0.0,1.0,0.798,0.1941176471,0.9508162141,36.1312,0.1163,0.0,40.0,,,,,,,,,,,,,,,,,,,,,,,,,,,,,,,,,,,,,,,,,,,,,,,,,,,,,,,,,,,,,,,,,,,,,,,,,,,,,,,,,,,,,,,,,,
263.0,0.0,6.0,0.7921,0.0608333333,0.8937489986,45.3052,0.1303,0.0,60.0,,,,,,,,,,,,,,,,,,,,,,,,,,,,,,,,,,,,,,,,,,,,,,,,,,,,,,,,,,,,,,,,,,,,,,,,,,,,,,,,,,,,,,,,,,
403.0,0.0,0.0,0.8062,0.159257885,0.9227041602,34.8105,0.0468,0.0,78.0,,,,,,,,,,,,,,,,,,,,,,,,,,,,,,,,,,,,,,,,,,,,,,,,,,,,,,,,,,,,,,,,,,,,,,,,,,,,,,,,,,,,,,,,,,
330.0,0.0,9.0,0.7934,0.1236940837,0.8818445206000001,45.1097,0.1969,0.0119047619047618,70.0,,,,,,,,,,,,,,,,,,,,,,,,,,,,,,,,,,,,,,,,,,,,,,,,,,,,,,,,,,,,,,,,,,,,,,,,,,,,,,,,,,,,,,,,,,
272.0,0.0,0.0,0.7675000000000001,0.0608465608,0.9113485217,25.4503,0.1003,0.0,60.0,,,,,,,,,,,,,,,,,,,,,,,,,,,,,,,,,,,,,,,,,,,,,,,,,,,,,,,,,,,,,,,,,,,,,,,,,,,,,,,,,,,,,,,,,,
233.0,4.0,2.0,0.7893,0.2149470899,0.8692247868,41.8675,0.1262,0.0119047619047618,65.0,,,,,,,,,,,,,,,,,,,,,,,,,,,,,,,,,,,,,,,,,,,,,,,,,,,,,,,,,,,,,,,,,,,,,,,,,,,,,,,,,,,,,,,,,,
77.0,0.0,0.0,0.7408,0.185,0.7954890132,34.97,0.1213,0.0,19.0,,,,,,,,,,,,,,,,,,,,,,,,,,,,,,,,,,,,,,,,,,,,,,,,,,,,,,,,,,,,,,,,,,,,,,,,,,,,,,,,,,,,,,,,,,
506.0,0.0,1.0,0.755,0.1682376396,0.918002069,26.03,0.1585,0.0,60.0,,,,,,,,,,,,,,,,,,,,,,,,,,,,,,,,,,,,,,,,,,,,,,,,,,,,,,,,,,,,,,,,,,,,,,,,,,,,,,,,,,,,,,,,,,
304.0,2.0,8.0,0.8037000000000001,0.1702938988,0.8712091446,32.5148,0.1199,0.011111111111111,70.0,,,,,,,,,,,,,,,,,,,,,,,,,,,,,,,,,,,,,,,,,,,,,,,,,,,,,,,,,,,,,,,,,,,,,,,,,,,,,,,,,,,,,,,,,,
345.0,0.0,1.0,0.8233,0.0747350351,0.9425024986,31.0628,0.1585,0.0120481927710843,55.0,,,,,,,,,,,,,,,,,,,,,,,,,,,,,,,,,,,,,,,,,,,,,,,,,,,,,,,,,,,,,,,,,,,,,,,,,,,,,,,,,,,,,,,,,,
,,,,,,,,,,422.0,0.0,7.0,0.7554000000000001,0.1982758621,0.9299524426,24.68,0.2302,0.0108695652173913,93.0,,,,,,,,,,,,,,,,,,,,,,,,,,,,,,,,,,,,,,,,,,,,,,,,,,,,,,,,,,,,,,,,,,,,,,,,,,,,,,,,
,,,,,,,,,,222.0,0.0,0.0,0.7001000000000001,0.1619617225,0.9080925584,47.3913,0.1823,0.0,65.0,,,,,,,,,,,,,,,,,,,,,,,,,,,,,,,,,,,,,,,,,,,,,,,,,,,,,,,,,,,,,,,,,,,,,,,,,,,,,,,,
,,,,,,,,,,376.0,0.0,8.0,0.679,-0.048046398,0.9640573859,40.0877,0.0751,0.0,70.0,,,,,,,,,,,,,,,,,,,,,,,,,,,,,,,,,,,,,,,,,,,,,,,,,,,,,,,,,,,,,,,,,,,,,,,,,,,,,,,,
,,,,,,,,,,136.0,0.0,0.0,0.7967000000000001,0.3063636364,0.944865346,11.6712,0.0364,0.0,50.0,,,,,,,,,,,,,,,,,,,,,,,,,,,,,,,,,,,,,,,,,,,,,,,,,,,,,,,,,,,,,,,,,,,,,,,,,,,,,,,,
,,,,,,,,,,406.0,1.0,7.0,0.7978000000000001,0.1046052632,0.8880720139,45.7357,0.2025,0.0,90.0,,,,,,,,,,,,,,,,,,,,,,,,,,,,,,,,,,,,,,,,,,,,,,,,,,,,,,,,,,,,,,,,,,,,,,,,,,,,,,,,
,,,,,,,,,,674.0,0.0,2.0,0.7646000000000001,0.0853282682,0.8795065284,47.79,0.1507,0.0106382978723403,100.0,,,,,,,,,,,,,,,,,,,,,,,,,,,,,,,,,,,,,,,,,,,,,,,,,,,,,,,,,,,,,,,,,,,,,,,,,,,,,,,,
,,,,,,,,,,321.0,1.0,2.0,0.7998000000000001,0.0668560606,0.872304976,23.3029,0.2552,0.0,30.0,,,,,,,,,,,,,,,,,,,,,,,,,,,,,,,,,,,,,,,,,,,,,,,,,,,,,,,,,,,,,,,,,,,,,,,,,,,,,,,,
,,,,,,,,,,398.0,0.0,1.0,0.7682,0.1282840722,0.8034374714,36.18,0.1041,0.0,93.0,,,,,,,,,,,,,,,,,,,,,,,,,,,,,,,,,,,,,,,,,,,,,,,,,,,,,,,,,,,,,,,,,,,,,,,,,,,,,,,,
,,,,,,,,,,458.0,6.0,0.0,0.7849,0.1084022039,0.8494194150000001,56.5506,0.2,0.0,90.0,,,,,,,,,,,,,,,,,,,,,,,,,,,,,,,,,,,,,,,,,,,,,,,,,,,,,,,,,,,,,,,,,,,,,,,,,,,,,,,,
,,,,,,,,,,328.0,0.0,7.0,0.752,0.0371685606,0.8985326290000001,40.4891,0.1507,0.0,75.0,,,,,,,,,,,,,,,,,,,,,,,,,,,,,,,,,,,,,,,,,,,,,,,,,,,,,,,,,,,,,,,,,,,,,,,,,,,,,,,,
,,,,,,,,,,363.0,0.0,10.0,0.7365,0.1574074074,0.9659975171,36.8878,0.072,0.0,80.0,,,,,,,,,,,,,,,,,,,,,,,,,,,,,,,,,,,,,,,,,,,,,,,,,,,,,,,,,,,,,,,,,,,,,,,,,,,,,,,,
,,,,,,,,,,153.0,0.0,0.0,0.8462000000000001,0.2045900178,0.6052519083,15.68,0.1355,0.0,40.0,,,,,,,,,,,,,,,,,,,,,,,,,,,,,,,,,,,,,,,,,,,,,,,,,,,,,,,,,,,,,,,,,,,,,,,,,,,,,,,,
,,,,,,,,,,370.0,0.0,1.0,0.7574000000000001,0.1513157895,0.9179583192,38.21,0.1201,0.0210526315789473,50.0,,,,,,,,,,,,,,,,,,,,,,,,,,,,,,,,,,,,,,,,,,,,,,,,,,,,,,,,,,,,,,,,,,,,,,,,,,,,,,,,
,,,,,,,,,,397.0,0.0,0.0,0.7723,0.0420385675,0.8665425777,31.2684,0.2101,0.0505050505050505,65.0,,,,,,,,,,,,,,,,,,,,,,,,,,,,,,,,,,,,,,,,,,,,,,,,,,,,,,,,,,,,,,,,,,,,,,,,,,,,,,,,
,,,,,,,,,,209.0,2.0,5.0,0.8136,0.1113131313,0.9075129032,43.6244,0.8355,0.0235294117647059,65.0,,,,,,,,,,,,,,,,,,,,,,,,,,,,,,,,,,,,,,,,,,,,,,,,,,,,,,,,,,,,,,,,,,,,,,,,,,,,,,,,
,,,,,,,,,,442.0,0.0,2.0,0.7448,0.0261784512,0.9240825176,47.9531,0.1585,0.0,85.0,,,,,,,,,,,,,,,,,,,,,,,,,,,,,,,,,,,,,,,,,,,,,,,,,,,,,,,,,,,,,,,,,,,,,,,,,,,,,,,,
,,,,,,,,,,288.0,0.0,1.0,0.795,0.1212698413,0.9042724371,46.453,0.1969,0.02,70.0,,,,,,,,,,,,,,,,,,,,,,,,,,,,,,,,,,,,,,,,,,,,,,,,,,,,,,,,,,,,,,,,,,,,,,,,,,,,,,,,
,,,,,,,,,,513.0,7.0,1.0,0.7976000000000001,0.1984201389,0.9326137304,57.4112,0.2119,0.0,77.0,,,,,,,,,,,,,,,,,,,,,,,,,,,,,,,,,,,,,,,,,,,,,,,,,,,,,,,,,,,,,,,,,,,,,,,,,,,,,,,,
,,,,,,,,,,491.0,0.0,0.0,0.8138000000000001,-0.0030426013,0.9188084006,42.31,0.1041,0.0099009900990099,80.0,,,,,,,,,,,,,,,,,,,,,,,,,,,,,,,,,,,,,,,,,,,,,,,,,,,,,,,,,,,,,,,,,,,,,,,,,,,,,,,,
,,,,,,,,,,473.0,0.0,0.0,0.7558,0.0981728778,0.9203384519,50.57,0.0448,0.0,75.0,,,,,,,,,,,,,,,,,,,,,,,,,,,,,,,,,,,,,,,,,,,,,,,,,,,,,,,,,,,,,,,,,,,,,,,,,,,,,,,,
,,,,,,,,,,250.0,0.0,1.0,0.7221000000000001,0.0232363316,0.8568468094,53.8922,0.11,0.0,55.0,,,,,,,,,,,,,,,,,,,,,,,,,,,,,,,,,,,,,,,,,,,,,,,,,,,,,,,,,,,,,,,,,,,,,,,,,,,,,,,,
,,,,,,,,,,603.0,0.0,0.0,0.7914,0.1319551426,0.8588757515000001,20.6888,0.2586,0.0,90.0,,,,,,,,,,,,,,,,,,,,,,,,,,,,,,,,,,,,,,,,,,,,,,,,,,,,,,,,,,,,,,,,,,,,,,,,,,,,,,,,
,,,,,,,,,,311.0,1.0,1.0,0.7933,-0.0048850575,0.9108181,39.9698,0.0795,0.0108695652173913,70.0,,,,,,,,,,,,,,,,,,,,,,,,,,,,,,,,,,,,,,,,,,,,,,,,,,,,,,,,,,,,,,,,,,,,,,,,,,,,,,,,
,,,,,,,,,,325.0,0.0,8.0,0.7509,0.1459498834,0.6593110561000001,25.8,0.0999,0.0,70.0,,,,,,,,,,,,,,,,,,,,,,,,,,,,,,,,,,,,,,,,,,,,,,,,,,,,,,,,,,,,,,,,,,,,,,,,,,,,,,,,
,,,,,,,,,,875.0,0.0,1.0,0.7801,0.0872040207,0.9324635863,47.99,0.0391,0.0404040404040404,90.0,,,,,,,,,,,,,,,,,,,,,,,,,,,,,,,,,,,,,,,,,,,,,,,,,,,,,,,,,,,,,,,,,,,,,,,,,,,,,,,,
,,,,,,,,,,772.0,0.0,5.0,0.7193,0.118963964,0.8825360537,29.45,0.1041,0.010752688172043,70.0,,,,,,,,,,,,,,,,,,,,,,,,,,,,,,,,,,,,,,,,,,,,,,,,,,,,,,,,,,,,,,,,,,,,,,,,,,,,,,,,
,,,,,,,,,,456.0,0.0,0.0,0.7776000000000001,0.0848289345,0.9141588211,37.6838,0.1041,0.0,70.0,,,,,,,,,,,,,,,,,,,,,,,,,,,,,,,,,,,,,,,,,,,,,,,,,,,,,,,,,,,,,,,,,,,,,,,,,,,,,,,,
,,,,,,,,,,835.0,0.0,0.0,0.7756000000000001,0.0024741462,0.9451873302,28.0723,0.5162,0.0,95.0,,,,,,,,,,,,,,,,,,,,,,,,,,,,,,,,,,,,,,,,,,,,,,,,,,,,,,,,,,,,,,,,,,,,,,,,,,,,,,,,
,,,,,,,,,,399.0,0.0,5.0,0.7301000000000001,0.0372081413,0.9088370204,43.15,0.1508,0.0,79.0,,,,,,,,,,,,,,,,,,,,,,,,,,,,,,,,,,,,,,,,,,,,,,,,,,,,,,,,,,,,,,,,,,,,,,,,,,,,,,,,
,,,,,,,,,,183.0,0.0,4.0,0.7942,0.08515625,0.9441901445,40.5737,0.0529,0.0,75.0,,,,,,,,,,,,,,,,,,,,,,,,,,,,,,,,,,,,,,,,,,,,,,,,,,,,,,,,,,,,,,,,,,,,,,,,,,,,,,,,
,,,,,,,,,,506.0,0.0,0.0,0.7575000000000001,0.0487258687,0.8768354654,45.1043,0.7308,0.0196078431372549,80.0,,,,,,,,,,,,,,,,,,,,,,,,,,,,,,,,,,,,,,,,,,,,,,,,,,,,,,,,,,,,,,,,,,,,,,,,,,,,,,,,
,,,,,,,,,,763.0,0.0,1.0,0.7771,0.1780205905,0.9188451767,7.66,0.0999,0.011111111111111,30.0,,,,,,,,,,,,,,,,,,,,,,,,,,,,,,,,,,,,,,,,,,,,,,,,,,,,,,,,,,,,,,,,,,,,,,,,,,,,,,,,
,,,,,,,,,,849.0,7.0,12.0,0.7813,0.0869150691,0.9562900662,35.4208,0.9511,0.0,88.0,,,,,,,,,,,,,,,,,,,,,,,,,,,,,,,,,,,,,,,,,,,,,,,,,,,,,,,,,,,,,,,,,,,,,,,,,,,,,,,,
,,,,,,,,,,347.0,0.0,0.0,0.7952,0.1283511905,0.9418504238,36.785,0.0866,0.0,70.0,,,,,,,,,,,,,,,,,,,,,,,,,,,,,,,,,,,,,,,,,,,,,,,,,,,,,,,,,,,,,,,,,,,,,,,,,,,,,,,,
,,,,,,,,,,269.0,0.0,1.0,0.7683,0.1806060606,0.8230857849000001,33.54,0.0999,0.0204081632653061,40.0,,,,,,,,,,,,,,,,,,,,,,,,,,,,,,,,,,,,,,,,,,,,,,,,,,,,,,,,,,,,,,,,,,,,,,,,,,,,,,,,
,,,,,,,,,,251.0,0.0,0.0,0.7685000000000001,0.2299744898,0.9208657742,39.2431,0.0945,0.0,70.0,,,,,,,,,,,,,,,,,,,,,,,,,,,,,,,,,,,,,,,,,,,,,,,,,,,,,,,,,,,,,,,,,,,,,,,,,,,,,,,,
,,,,,,,,,,231.0,0.0,5.0,0.857,0.1018589254,0.9564601183,26.1914,0.1719,0.0,45.0,,,,,,,,,,,,,,,,,,,,,,,,,,,,,,,,,,,,,,,,,,,,,,,,,,,,,,,,,,,,,,,,,,,,,,,,,,,,,,,,
,,,,,,,,,,350.0,0.0,1.0,0.7703,0.1161290323,0.8287411332,32.33,0.157,0.0,70.0,,,,,,,,,,,,,,,,,,,,,,,,,,,,,,,,,,,,,,,,,,,,,,,,,,,,,,,,,,,,,,,,,,,,,,,,,,,,,,,,
,,,,,,,,,,328.0,4.0,8.0,0.8027000000000001,0.1464980159,0.8531657457,35.3958,0.1507,0.0,75.0,,,,,,,,,,,,,,,,,,,,,,,,,,,,,,,,,,,,,,,,,,,,,,,,,,,,,,,,,,,,,,,,,,,,,,,,,,,,,,,,
,,,,,,,,,,84.0,0.0,0.0,0.81,0.22,0.7600628138000001,41.7,0.1898,0.0,12.0,,,,,,,,,,,,,,,,,,,,,,,,,,,,,,,,,,,,,,,,,,,,,,,,,,,,,,,,,,,,,,,,,,,,,,,,,,,,,,,,
,,,,,,,,,,388.0,0.0,1.0,0.7763,0.1035533911,0.9303927422,28.27,0.216,0.010752688172043,100.0,,,,,,,,,,,,,,,,,,,,,,,,,,,,,,,,,,,,,,,,,,,,,,,,,,,,,,,,,,,,,,,,,,,,,,,,,,,,,,,,
,,,,,,,,,,271.0,0.0,8.0,0.7274,0.0726217532,0.9545752406,30.0096,0.072,0.0,75.0,,,,,,,,,,,,,,,,,,,,,,,,,,,,,,,,,,,,,,,,,,,,,,,,,,,,,,,,,,,,,,,,,,,,,,,,,,,,,,,,
,,,,,,,,,,253.0,0.0,0.0,0.7326,0.174537037,0.9198931456,18.35,0.0945,0.0,85.0,,,,,,,,,,,,,,,,,,,,,,,,,,,,,,,,,,,,,,,,,,,,,,,,,,,,,,,,,,,,,,,,,,,,,,,,,,,,,,,,
,,,,,,,,,,395.0,0.0,2.0,0.7952,0.1193650794,0.9075968862,47.4684,0.933,0.0,76.0,,,,,,,,,,,,,,,,,,,,,,,,,,,,,,,,,,,,,,,,,,,,,,,,,,,,,,,,,,,,,,,,,,,,,,,,,,,,,,,,
,,,,,,,,,,407.0,0.0,10.0,0.7219,0.1165077779,0.9451383352,46.9933,0.0649,0.0,73.0,,,,,,,,,,,,,,,,,,,,,,,,,,,,,,,,,,,,,,,,,,,,,,,,,,,,,,,,,,,,,,,,,,,,,,,,,,,,,,,,
,,,,,,,,,,752.0,0.0,0.0,0.7605000000000001,0.1021203666,0.8813570142,35.9155,0.5623,0.02,80.0,,,,,,,,,,,,,,,,,,,,,,,,,,,,,,,,,,,,,,,,,,,,,,,,,,,,,,,,,,,,,,,,,,,,,,,,,,,,,,,,
,,,,,,,,,,239.0,0.0,1.0,0.763,0.1354691877,0.9726446271,21.84,0.1303,0.010204081632653,50.0,,,,,,,,,,,,,,,,,,,,,,,,,,,,,,,,,,,,,,,,,,,,,,,,,,,,,,,,,,,,,,,,,,,,,,,,,,,,,,,,
,,,,,,,,,,349.0,0.0,9.0,0.8536,0.1234353741,0.9215202332,30.7053,0.4104,0.0,80.0,,,,,,,,,,,,,,,,,,,,,,,,,,,,,,,,,,,,,,,,,,,,,,,,,,,,,,,,,,,,,,,,,,,,,,,,,,,,,,,,
,,,,,,,,,,647.0,5.0,5.0,0.7894,0.0769884071,0.9436648488,41.9683,0.4636,0.0109890109890109,80.0,,,,,,,,,,,,,,,,,,,,,,,,,,,,,,,,,,,,,,,,,,,,,,,,,,,,,,,,,,,,,,,,,,,,,,,,,,,,,,,,
,,,,,,,,,,966.0,5.0,3.0,0.8291000000000001,0.0564856657,0.9367425442,42.2587,0.9014,0.0,90.0,,,,,,,,,,,,,,,,,,,,,,,,,,,,,,,,,,,,,,,,,,,,,,,,,,,,,,,,,,,,,,,,,,,,,,,,,,,,,,,,
,,,,,,,,,,159.0,0.0,5.0,0.8219000000000001,0.2167388167,0.9213043451,39.0844,0.1108,0.0,50.0,,,,,,,,,,,,,,,,,,,,,,,,,,,,,,,,,,,,,,,,,,,,,,,,,,,,,,,,,,,,,,,,,,,,,,,,,,,,,,,,
,,,,,,,,,,,,,,,,,,,,60.0,0.0,0.0,0.81,0.058,0.6966200471,64.71,0.0548,0.0,60.0,,,,,,,,,,,,,,,,,,,,,,,,,,,,,,,,,,,,,,,,,,,,,,,,,,,,,,,,,,,,,,,,,,,,,,
,,,,,,,,,,,,,,,,,,,,330.0,0.0,9.0,0.7934,0.1236940837,0.8818445206000001,45.1097,0.1969,0.0119047619047618,60.0,,,,,,,,,,,,,,,,,,,,,,,,,,,,,,,,,,,,,,,,,,,,,,,,,,,,,,,,,,,,,,,,,,,,,,
,,,,,,,,,,,,,,,,,,,,292.0,0.0,1.0,0.7415,0.1145833333,0.8487246633000001,30.46,0.0999,0.01,95.0,,,,,,,,,,,,,,,,,,,,,,,,,,,,,,,,,,,,,,,,,,,,,,,,,,,,,,,,,,,,,,,,,,,,,,
,,,,,,,,,,,,,,,,,,,,245.0,1.0,1.0,0.7559,0.0971320346,0.9083012938,38.7951,0.072,0.0,70.0,,,,,,,,,,,,,,,,,,,,,,,,,,,,,,,,,,,,,,,,,,,,,,,,,,,,,,,,,,,,,,,,,,,,,,
,,,,,,,,,,,,,,,,,,,,487.0,0.0,1.0,0.732,0.1304191468,0.9185432792,29.0538,0.1695,0.0,90.0,,,,,,,,,,,,,,,,,,,,,,,,,,,,,,,,,,,,,,,,,,,,,,,,,,,,,,,,,,,,,,,,,,,,,,
,,,,,,,,,,,,,,,,,,,,480.0,0.0,0.0,0.8331000000000001,0.0934353741,0.9183989763,39.3732,0.1932,0.0,80.0,,,,,,,,,,,,,,,,,,,,,,,,,,,,,,,,,,,,,,,,,,,,,,,,,,,,,,,,,,,,,,,,,,,,,,
,,,,,,,,,,,,,,,,,,,,730.0,0.0,0.0,0.7435,0.0644808927,0.8415006399,41.9389,0.0501,0.0,85.0,,,,,,,,,,,,,,,,,,,,,,,,,,,,,,,,,,,,,,,,,,,,,,,,,,,,,,,,,,,,,,,,,,,,,,
,,,,,,,,,,,,,,,,,,,,463.0,0.0,1.0,0.7582,0.036034151,0.894587338,31.62,0.3415,0.0,80.0,,,,,,,,,,,,,,,,,,,,,,,,,,,,,,,,,,,,,,,,,,,,,,,,,,,,,,,,,,,,,,,,,,,,,,
,,,,,,,,,,,,,,,,,,,,1210.0,7.0,0.0,0.7753,0.0567315252,0.9024221301,44.7468,0.6075,0.0196078431372549,94.0,,,,,,,,,,,,,,,,,,,,,,,,,,,,,,,,,,,,,,,,,,,,,,,,,,,,,,,,,,,,,,,,,,,,,,
,,,,,,,,,,,,,,,,,,,,595.0,0.0,6.0,0.7942,0.1819876664,0.8273749352,35.2666,0.1397,0.0229885057471264,85.0,,,,,,,,,,,,,,,,,,,,,,,,,,,,,,,,,,,,,,,,,,,,,,,,,,,,,,,,,,,,,,,,,,,,,,
,,,,,,,,,,,,,,,,,,,,368.0,0.0,0.0,0.7889,0.0998903509,0.8961703181,40.6298,0.0649,0.0,85.0,,,,,,,,,,,,,,,,,,,,,,,,,,,,,,,,,,,,,,,,,,,,,,,,,,,,,,,,,,,,,,,,,,,,,,
,,,,,,,,,,,,,,,,,,,,387.0,0.0,0.0,0.7702,0.0005840424,0.94226408,35.2,0.6253000000000001,0.0,85.0,,,,,,,,,,,,,,,,,,,,,,,,,,,,,,,,,,,,,,,,,,,,,,,,,,,,,,,,,,,,,,,,,,,,,,
,,,,,,,,,,,,,,,,,,,,439.0,0.0,1.0,0.7791,0.1185515873,0.8843787909,46.47,0.2821,0.0,65.0,,,,,,,,,,,,,,,,,,,,,,,,,,,,,,,,,,,,,,,,,,,,,,,,,,,,,,,,,,,,,,,,,,,,,,
,,,,,,,,,,,,,,,,,,,,444.0,0.0,8.0,0.8097000000000001,0.1072108844,0.8502570391000001,5.7905,0.33,0.0,64.0,,,,,,,,,,,,,,,,,,,,,,,,,,,,,,,,,,,,,,,,,,,,,,,,,,,,,,,,,,,,,,,,,,,,,,
,,,,,,,,,,,,,,,,,,,,543.0,1.0,0.0,0.7686000000000001,-0.0501133787,0.9209131598,38.15,0.1213,0.0,40.0,,,,,,,,,,,,,,,,,,,,,,,,,,,,,,,,,,,,,,,,,,,,,,,,,,,,,,,,,,,,,,,,,,,,,,
,,,,,,,,,,,,,,,,,,,,911.0,0.0,8.0,0.7597,0.1167226452,0.9537047744,39.0988,0.1041,0.0,87.0,,,,,,,,,,,,,,,,,,,,,,,,,,,,,,,,,,,,,,,,,,,,,,,,,,,,,,,,,,,,,,,,,,,,,,
,,,,,,,,,,,,,,,,,,,,198.0,0.0,4.0,0.7678,0.1084374999999999,0.8756368756,29.433,0.1901,0.0,50.0,,,,,,,,,,,,,,,,,,,,,,,,,,,,,,,,,,,,,,,,,,,,,,,,,,,,,,,,,,,,,,,,,,,,,,
,,,,,,,,,,,,,,,,,,,,587.0,0.0,3.0,0.7271000000000001,0.1440848214,0.8432080150000001,50.2894,0.0822,0.0,80.0,,,,,,,,,,,,,,,,,,,,,,,,,,,,,,,,,,,,,,,,,,,,,,,,,,,,,,,,,,,,,,,,,,,,,,
,,,,,,,,,,,,,,,,,,,,710.0,0.0,1.0,0.7654000000000001,0.1208551788,0.9153474569,53.4069,0.8231,0.0,90.0,,,,,,,,,,,,,,,,,,,,,,,,,,,,,,,,,,,,,,,,,,,,,,,,,,,,,,,,,,,,,,,,,,,,,,
,,,,,,,,,,,,,,,,,,,,1043.0,3.0,5.0,0.8198000000000001,0.0860855389,0.8613269329000001,48.5199,0.1278,0.0,95.0,,,,,,,,,,,,,,,,,,,,,,,,,,,,,,,,,,,,,,,,,,,,,,,,,,,,,,,,,,,,,,,,,,,,,,
,,,,,,,,,,,,,,,,,,,,409.0,0.0,3.0,0.7943,0.1541088435,0.8796135187,39.1929,0.241,0.0,80.0,,,,,,,,,,,,,,,,,,,,,,,,,,,,,,,,,,,,,,,,,,,,,,,,,,,,,,,,,,,,,,,,,,,,,,
,,,,,,,,,,,,,,,,,,,,394.0,0.0,0.0,0.8136,0.0944551101,0.9210098386,17.9759,0.3146,0.0123456790123457,60.0,,,,,,,,,,,,,,,,,,,,,,,,,,,,,,,,,,,,,,,,,,,,,,,,,,,,,,,,,,,,,,,,,,,,,,
,,,,,,,,,,,,,,,,,,,,321.0,0.0,0.0,0.7219,0.0942557932,0.8881423473000001,51.005,0.0995,0.0377358490566037,75.0,,,,,,,,,,,,,,,,,,,,,,,,,,,,,,,,,,,,,,,,,,,,,,,,,,,,,,,,,,,,,,,,,,,,,,
,,,,,,,,,,,,,,,,,,,,167.0,0.0,2.0,0.7745000000000001,0.0306565657,0.9448035359,46.2312,0.1633,0.0,45.0,,,,,,,,,,,,,,,,,,,,,,,,,,,,,,,,,,,,,,,,,,,,,,,,,,,,,,,,,,,,,,,,,,,,,,
,,,,,,,,,,,,,,,,,,,,147.0,0.0,0.0,0.8194,0.0730769231,0.9267749786,33.85,0.2086,0.0,20.0,,,,,,,,,,,,,,,,,,,,,,,,,,,,,,,,,,,,,,,,,,,,,,,,,,,,,,,,,,,,,,,,,,,,,,
,,,,,,,,,,,,,,,,,,,,579.0,2.0,0.0,0.7136,0.1711382114,0.8930797577,50.57,0.103,0.0,77.0,,,,,,,,,,,,,,,,,,,,,,,,,,,,,,,,,,,,,,,,,,,,,,,,,,,,,,,,,,,,,,,,,,,,,,
,,,,,,,,,,,,,,,,,,,,243.0,0.0,0.0,0.8078000000000001,0.1497916667,0.9431985021,38.8276,0.0587,0.0306122448979592,50.0,,,,,,,,,,,,,,,,,,,,,,,,,,,,,,,,,,,,,,,,,,,,,,,,,,,,,,,,,,,,,,,,,,,,,,
,,,,,,,,,,,,,,,,,,,,296.0,0.0,3.0,0.784,0.1785533911,0.9276584387,52.6077,0.0762,0.0,55.0,,,,,,,,,,,,,,,,,,,,,,,,,,,,,,,,,,,,,,,,,,,,,,,,,,,,,,,,,,,,,,,,,,,,,,
,,,,,,,,,,,,,,,,,,,,271.0,0.0,5.0,0.8161,0.0717140796,0.9331908226,30.1209,0.1695,0.0113636363636363,75.0,,,,,,,,,,,,,,,,,,,,,,,,,,,,,,,,,,,,,,,,,,,,,,,,,,,,,,,,,,,,,,,,,,,,,,
,,,,,,,,,,,,,,,,,,,,305.0,0.0,0.0,0.7563000000000001,0.0656060606,0.8871167302,30.0305,0.3011,0.0104166666666666,40.0,,,,,,,,,,,,,,,,,,,,,,,,,,,,,,,,,,,,,,,,,,,,,,,,,,,,,,,,,,,,,,,,,,,,,,
,,,,,,,,,,,,,,,,,,,,339.0,0.0,0.0,0.7807000000000001,0.0777465827,0.8251838684,34.1479,0.0999,0.0,88.0,,,,,,,,,,,,,,,,,,,,,,,,,,,,,,,,,,,,,,,,,,,,,,,,,,,,,,,,,,,,,,,,,,,,,,
,,,,,,,,,,,,,,,,,,,,257.0,0.0,0.0,0.7855000000000001,0.2496247619,0.9288473129,32.83,0.1858,0.0,60.0,,,,,,,,,,,,,,,,,,,,,,,,,,,,,,,,,,,,,,,,,,,,,,,,,,,,,,,,,,,,,,,,,,,,,,
,,,,,,,,,,,,,,,,,,,,435.0,2.0,1.0,0.8452000000000001,0.0972619048,0.9140241742,38.7268,0.103,0.0,72.0,,,,,,,,,,,,,,,,,,,,,,,,,,,,,,,,,,,,,,,,,,,,,,,,,,,,,,,,,,,,,,,,,,,,,,
,,,,,,,,,,,,,,,,,,,,954.0,0.0,6.0,0.7977000000000001,0.1470528605,0.865883112,37.7545,0.1429,0.0,90.0,,,,,,,,,,,,,,,,,,,,,,,,,,,,,,,,,,,,,,,,,,,,,,,,,,,,,,,,,,,,,,,,,,,,,,
,,,,,,,,,,,,,,,,,,,,290.0,0.0,0.0,0.7843,0.1495748299,0.9330165386,31.3783,0.072,0.0,70.0,,,,,,,,,,,,,,,,,,,,,,,,,,,,,,,,,,,,,,,,,,,,,,,,,,,,,,,,,,,,,,,,,,,,,,
,,,,,,,,,,,,,,,,,,,,324.0,0.0,1.0,0.7684000000000001,0.1401785714,0.8017649651000001,37.2,0.0999,0.0103092783505154,40.0,,,,,,,,,,,,,,,,,,,,,,,,,,,,,,,,,,,,,,,,,,,,,,,,,,,,,,,,,,,,,,,,,,,,,,
,,,,,,,,,,,,,,,,,,,,388.0,0.0,1.0,0.7661,0.1242921493,0.7883067727,39.43,0.5077,0.021505376344086,70.0,,,,,,,,,,,,,,,,,,,,,,,,,,,,,,,,,,,,,,,,,,,,,,,,,,,,,,,,,,,,,,,,,,,,,,
,,,,,,,,,,,,,,,,,,,,174.0,0.0,0.0,0.7846000000000001,0.0049242424,0.9568377137,38.6381,0.0999,0.0,37.0,,,,,,,,,,,,,,,,,,,,,,,,,,,,,,,,,,,,,,,,,,,,,,,,,,,,,,,,,,,,,,,,,,,,,,
,,,,,,,,,,,,,,,,,,,,514.0,0.0,0.0,0.7683,0.1138977072,0.9602714181,39.831,0.1647,0.0,70.0,,,,,,,,,,,,,,,,,,,,,,,,,,,,,,,,,,,,,,,,,,,,,,,,,,,,,,,,,,,,,,,,,,,,,,
,,,,,,,,,,,,,,,,,,,,584.0,0.0,0.0,0.7766000000000001,0.1128884508,0.9413257241,35.3831,0.1616,0.0,90.0,,,,,,,,,,,,,,,,,,,,,,,,,,,,,,,,,,,,,,,,,,,,,,,,,,,,,,,,,,,,,,,,,,,,,,
,,,,,,,,,,,,,,,,,,,,239.0,4.0,8.0,0.6839000000000001,0.0766666667,0.89818573,40.7962,0.1719,0.0,75.0,,,,,,,,,,,,,,,,,,,,,,,,,,,,,,,,,,,,,,,,,,,,,,,,,,,,,,,,,,,,,,,,,,,,,,
,,,,,,,,,,,,,,,,,,,,549.0,8.0,1.0,0.7869,0.0911904762,0.8084603548,39.2951,0.0376,0.0,80.0,,,,,,,,,,,,,,,,,,,,,,,,,,,,,,,,,,,,,,,,,,,,,,,,,,,,,,,,,,,,,,,,,,,,,,
,,,,,,,,,,,,,,,,,,,,666.0,11.0,6.0,0.8075,0.1092482363,0.9074166417,32.12,0.1631,0.0105263157894737,70.0,,,,,,,,,,,,,,,,,,,,,,,,,,,,,,,,,,,,,,,,,,,,,,,,,,,,,,,,,,,,,,,,,,,,,,
,,,,,,,,,,,,,,,,,,,,834.0,7.0,6.0,0.7362000000000001,0.2291490801,0.8477047086,36.22,0.2992,0.0,75.0,,,,,,,,,,,,,,,,,,,,,,,,,,,,,,,,,,,,,,,,,,,,,,,,,,,,,,,,,,,,,,,,,,,,,,
,,,,,,,,,,,,,,,,,,,,138.0,0.0,6.0,0.8457,0.1638888889,0.8492545485,54.2802,0.1041,0.010204081632653,50.0,,,,,,,,,,,,,,,,,,,,,,,,,,,,,,,,,,,,,,,,,,,,,,,,,,,,,,,,,,,,,,,,,,,,,,
,,,,,,,,,,,,,,,,,,,,331.0,5.0,0.0,0.7494000000000001,0.0582251082,0.8471010923000001,15.9032,0.072,0.0,70.0,,,,,,,,,,,,,,,,,,,,,,,,,,,,,,,,,,,,,,,,,,,,,,,,,,,,,,,,,,,,,,,,,,,,,,
,,,,,,,,,,,,,,,,,,,,268.0,0.0,6.0,0.7475,0.0722222222,0.8633317947,27.93,0.0515,0.0,50.0,,,,,,,,,,,,,,,,,,,,,,,,,,,,,,,,,,,,,,,,,,,,,,,,,,,,,,,,,,,,,,,,,,,,,,
,,,,,,,,,,,,,,,,,,,,360.0,0.0,0.0,0.7799,0.0356944444,0.8992044926,39.1652,0.1041,0.0,70.0,,,,,,,,,,,,,,,,,,,,,,,,,,,,,,,,,,,,,,,,,,,,,,,,,,,,,,,,,,,,,,,,,,,,,,
,,,,,,,,,,,,,,,,,,,,897.0,6.0,0.0,0.7653000000000001,0.0887495362,0.908372879,51.58,0.0484,0.0,92.0,,,,,,,,,,,,,,,,,,,,,,,,,,,,,,,,,,,,,,,,,,,,,,,,,,,,,,,,,,,,,,,,,,,,,,
,,,,,,,,,,,,,,,,,,,,804.0,0.0,2.0,0.7587,0.0818121949,0.9000478983,48.54,0.1386,0.0103092783505154,80.0,,,,,,,,,,,,,,,,,,,,,,,,,,,,,,,,,,,,,,,,,,,,,,,,,,,,,,,,,,,,,,,,,,,,,,
,,,,,,,,,,,,,,,,,,,,656.0,4.0,2.0,0.7643000000000001,0.1391305916,0.9319424629,50.7302,0.0437,0.0,90.0,,,,,,,,,,,,,,,,,,,,,,,,,,,,,,,,,,,,,,,,,,,,,,,,,,,,,,,,,,,,,,,,,,,,,,
,,,,,,,,,,,,,,,,,,,,,,,,,,,,,,162.0,0.0,1.0,0.8103,0.1645833333,0.6678649187,31.31,0.1149,0.0196078431372549,80.0,,,,,,,,,,,,,,,,,,,,,,,,,,,,,,,,,,,,,,,,,,,,,,,,,,,,,,,,,,,,
,,,,,,,,,,,,,,,,,,,,,,,,,,,,,,335.0,0.0,6.0,0.7966000000000001,0.1848602484,0.9041278958,29.0988,0.1431,0.0098039215686274,85.0,,,,,,,,,,,,,,,,,,,,,,,,,,,,,,,,,,,,,,,,,,,,,,,,,,,,,,,,,,,,
,,,,,,,,,,,,,,,,,,,,,,,,,,,,,,205.0,0.0,2.0,0.787,0.1207251082,0.8797656298000001,36.2535,0.2573,0.0120481927710843,50.0,,,,,,,,,,,,,,,,,,,,,,,,,,,,,,,,,,,,,,,,,,,,,,,,,,,,,,,,,,,,
,,,,,,,,,,,,,,,,,,,,,,,,,,,,,,679.0,0.0,0.0,0.7295,0.0576258913,0.915908277,42.2021,0.929,0.0,88.0,,,,,,,,,,,,,,,,,,,,,,,,,,,,,,,,,,,,,,,,,,,,,,,,,,,,,,,,,,,,
,,,,,,,,,,,,,,,,,,,,,,,,,,,,,,280.0,0.0,1.0,0.7857000000000001,0.1403645833,0.7798862457,24.27,0.3225,0.0105263157894737,48.0,,,,,,,,,,,,,,,,,,,,,,,,,,,,,,,,,,,,,,,,,,,,,,,,,,,,,,,,,,,,
,,,,,,,,,,,,,,,,,,,,,,,,,,,,,,361.0,0.0,1.0,0.7773,0.2011784512,0.89415133,35.27,0.1507,0.01,35.0,,,,,,,,,,,,,,,,,,,,,,,,,,,,,,,,,,,,,,,,,,,,,,,,,,,,,,,,,,,,
,,,,,,,,,,,,,,,,,,,,,,,,,,,,,,507.0,0.0,3.0,0.7684000000000001,0.1385185185,0.9183520675,48.6501,0.8246,0.0,89.0,,,,,,,,,,,,,,,,,,,,,,,,,,,,,,,,,,,,,,,,,,,,,,,,,,,,,,,,,,,,
,,,,,,,,,,,,,,,,,,,,,,,,,,,,,,400.0,0.0,0.0,0.8096,0.195990991,0.9470573664,29.18,0.1953,0.0105263157894737,65.0,,,,,,,,,,,,,,,,,,,,,,,,,,,,,,,,,,,,,,,,,,,,,,,,,,,,,,,,,,,,
,,,,,,,,,,,,,,,,,,,,,,,,,,,,,,1174.0,1.0,2.0,0.738,0.1454940541,0.9453262091,37.81,0.0977,0.0,85.0,,,,,,,,,,,,,,,,,,,,,,,,,,,,,,,,,,,,,,,,,,,,,,,,,,,,,,,,,,,,
,,,,,,,,,,,,,,,,,,,,,,,,,,,,,,1453.0,5.0,9.0,0.8006000000000001,0.0900611326,0.9462785125,48.5,0.0501,0.0,89.0,,,,,,,,,,,,,,,,,,,,,,,,,,,,,,,,,,,,,,,,,,,,,,,,,,,,,,,,,,,,
,,,,,,,,,,,,,,,,,,,,,,,,,,,,,,373.0,0.0,1.0,0.7553000000000001,0.143034188,0.8884497881000001,33.54,0.063,0.0,60.0,,,,,,,,,,,,,,,,,,,,,,,,,,,,,,,,,,,,,,,,,,,,,,,,,,,,,,,,,,,,
,,,,,,,,,,,,,,,,,,,,,,,,,,,,,,255.0,0.0,1.0,0.7286,0.1503623188,0.8830835223,22.55,0.0513,0.0103092783505154,60.0,,,,,,,,,,,,,,,,,,,,,,,,,,,,,,,,,,,,,,,,,,,,,,,,,,,,,,,,,,,,
,,,,,,,,,,,,,,,,,,,,,,,,,,,,,,605.0,0.0,1.0,0.8004,0.1484375,0.8763298392000001,13.99,0.1633,0.0,80.0,,,,,,,,,,,,,,,,,,,,,,,,,,,,,,,,,,,,,,,,,,,,,,,,,,,,,,,,,,,,
,,,,,,,,,,,,,,,,,,,,,,,,,,,,,,207.0,0.0,7.0,0.7345,-0.0369565217,0.7950327396,43.1339,0.0999,0.0,44.0,,,,,,,,,,,,,,,,,,,,,,,,,,,,,,,,,,,,,,,,,,,,,,,,,,,,,,,,,,,,
,,,,,,,,,,,,,,,,,,,,,,,,,,,,,,457.0,0.0,4.0,0.784,0.0900462963,0.7808064222000001,40.99,0.2025,0.0198019801980198,40.0,,,,,,,,,,,,,,,,,,,,,,,,,,,,,,,,,,,,,,,,,,,,,,,,,,,,,,,,,,,,
,,,,,,,,,,,,,,,,,,,,,,,,,,,,,,177.0,0.0,0.0,0.7476,0.0902777778,0.9656246901,36.59,0.1376,0.0196078431372549,40.0,,,,,,,,,,,,,,,,,,,,,,,,,,,,,,,,,,,,,,,,,,,,,,,,,,,,,,,,,,,,
,,,,,,,,,,,,,,,,,,,,,,,,,,,,,,220.0,0.0,1.0,0.7663000000000001,0.1567234848,0.8395429254000001,35.98,0.0999,0.0106382978723403,77.0,,,,,,,,,,,,,,,,,,,,,,,,,,,,,,,,,,,,,,,,,,,,,,,,,,,,,,,,,,,,
,,,,,,,,,,,,,,,,,,,,,,,,,,,,,,180.0,0.0,0.0,0.7099000000000001,0.0861111111,0.9385924935,9.7844,0.1901,0.0,50.0,,,,,,,,,,,,,,,,,,,,,,,,,,,,,,,,,,,,,,,,,,,,,,,,,,,,,,,,,,,,
,,,,,,,,,,,,,,,,,,,,,,,,,,,,,,316.0,2.0,13.0,0.797,0.194235322,0.922558248,51.1893,0.1249,0.0,85.0,,,,,,,,,,,,,,,,,,,,,,,,,,,,,,,,,,,,,,,,,,,,,,,,,,,,,,,,,,,,
,,,,,,,,,,,,,,,,,,,,,,,,,,,,,,333.0,2.0,9.0,0.7496,0.0476851852,0.9002113938,36.8953,0.1431,0.0109890109890109,75.0,,,,,,,,,,,,,,,,,,,,,,,,,,,,,,,,,,,,,,,,,,,,,,,,,,,,,,,,,,,,
,,,,,,,,,,,,,,,,,,,,,,,,,,,,,,632.0,0.0,5.0,0.788,0.0713583639,0.8781546950000001,44.8067,0.4553,0.0095238095238094,80.0,,,,,,,,,,,,,,,,,,,,,,,,,,,,,,,,,,,,,,,,,,,,,,,,,,,,,,,,,,,,
,,,,,,,,,,,,,,,,,,,,,,,,,,,,,,354.0,0.0,5.0,0.7719,0.078497426,0.9102973938,36.2086,0.6247,0.01,30.0,,,,,,,,,,,,,,,,,,,,,,,,,,,,,,,,,,,,,,,,,,,,,,,,,,,,,,,,,,,,
,,,,,,,,,,,,,,,,,,,,,,,,,,,,,,897.0,6.0,0.0,0.7653000000000001,0.0887495362,0.908372879,51.58,0.0484,0.0,80.0,,,,,,,,,,,,,,,,,,,,,,,,,,,,,,,,,,,,,,,,,,,,,,,,,,,,,,,,,,,,
,,,,,,,,,,,,,,,,,,,,,,,,,,,,,,333.0,0.0,1.0,0.7545000000000001,0.1541341991,0.7552205324,39.84,0.145,0.0,55.0,,,,,,,,,,,,,,,,,,,,,,,,,,,,,,,,,,,,,,,,,,,,,,,,,,,,,,,,,,,,
,,,,,,,,,,,,,,,,,,,,,,,,,,,,,,764.0,0.0,3.0,0.7024,0.1752169739,0.8471235633,53.71,0.1199,0.0,90.0,,,,,,,,,,,,,,,,,,,,,,,,,,,,,,,,,,,,,,,,,,,,,,,,,,,,,,,,,,,,
,,,,,,,,,,,,,,,,,,,,,,,,,,,,,,406.0,0.0,6.0,0.7849,0.1768678161,0.9198342562,34.115,0.2174,0.0,80.0,,,,,,,,,,,,,,,,,,,,,,,,,,,,,,,,,,,,,,,,,,,,,,,,,,,,,,,,,,,,
,,,,,,,,,,,,,,,,,,,,,,,,,,,,,,270.0,1.0,2.0,0.774,0.2182758621,0.8594522476,37.4,0.0999,0.0206185567010309,86.0,,,,,,,,,,,,,,,,,,,,,,,,,,,,,,,,,,,,,,,,,,,,,,,,,,,,,,,,,,,,
,,,,,,,,,,,,,,,,,,,,,,,,,,,,,,258.0,0.0,2.0,0.7639,0.1280357143,0.8627001643000001,27.42,0.2025,0.0,90.0,,,,,,,,,,,,,,,,,,,,,,,,,,,,,,,,,,,,,,,,,,,,,,,,,,,,,,,,,,,,
,,,,,,,,,,,,,,,,,,,,,,,,,,,,,,511.0,0.0,1.0,0.7554000000000001,0.1285779221,0.9235043526,32.94,0.2025,0.0,90.0,,,,,,,,,,,,,,,,,,,,,,,,,,,,,,,,,,,,,,,,,,,,,,,,,,,,,,,,,,,,
,,,,,,,,,,,,,,,,,,,,,,,,,,,,,,647.0,3.0,15.0,0.7651,0.0604817038,0.8498835564,47.59,0.0795,0.0103092783505154,70.0,,,,,,,,,,,,,,,,,,,,,,,,,,,,,,,,,,,,,,,,,,,,,,,,,,,,,,,,,,,,
,,,,,,,,,,,,,,,,,,,,,,,,,,,,,,508.0,6.0,5.0,0.7992,0.0943627451,0.8967522979,29.7299,0.2852,0.0114942528735632,75.0,,,,,,,,,,,,,,,,,,,,,,,,,,,,,,,,,,,,,,,,,,,,,,,,,,,,,,,,,,,,
,,,,,,,,,,,,,,,,,,,,,,,,,,,,,,187.0,0.0,0.0,0.8098000000000001,0.1653896104,0.9581924677,23.0455,0.145,0.0,29.0,,,,,,,,,,,,,,,,,,,,,,,,,,,,,,,,,,,,,,,,,,,,,,,,,,,,,,,,,,,,
,,,,,,,,,,,,,,,,,,,,,,,,,,,,,,253.0,0.0,3.0,0.8169000000000001,0.0210642691,0.8847193122,29.1425,0.0513,0.0,50.0,,,,,,,,,,,,,,,,,,,,,,,,,,,,,,,,,,,,,,,,,,,,,,,,,,,,,,,,,,,,
,,,,,,,,,,,,,,,,,,,,,,,,,,,,,,1166.0,1.0,2.0,0.7774000000000001,0.118377193,0.915807724,47.89,0.0982,0.0,70.0,,,,,,,,,,,,,,,,,,,,,,,,,,,,,,,,,,,,,,,,,,,,,,,,,,,,,,,,,,,,
,,,,,,,,,,,,,,,,,,,,,,,,,,,,,,514.0,4.0,0.0,0.7396,0.0922263521,0.8461868763,32.22,0.3825,0.0319148936170212,80.0,,,,,,,,,,,,,,,,,,,,,,,,,,,,,,,,,,,,,,,,,,,,,,,,,,,,,,,,,,,,
,,,,,,,,,,,,,,,,,,,,,,,,,,,,,,436.0,0.0,1.0,0.7897000000000001,0.1238702624,0.8962137699,33.54,0.1376,0.0210526315789473,75.0,,,,,,,,,,,,,,,,,,,,,,,,,,,,,,,,,,,,,,,,,,,,,,,,,,,,,,,,,,,,
,,,,,,,,,,,,,,,,,,,,,,,,,,,,,,1161.0,0.0,13.0,0.7745000000000001,0.0963321995,0.9078657031,38.9031,0.0977,0.0,82.0,,,,,,,,,,,,,,,,,,,,,,,,,,,,,,,,,,,,,,,,,,,,,,,,,,,,,,,,,,,,
,,,,,,,,,,,,,,,,,,,,,,,,,,,,,,506.0,0.0,0.0,0.7575000000000001,0.0487258687,0.8768354654,45.1043,0.7308,0.0196078431372549,75.0,,,,,,,,,,,,,,,,,,,,,,,,,,,,,,,,,,,,,,,,,,,,,,,,,,,,,,,,,,,,
,,,,,,,,,,,,,,,,,,,,,,,,,,,,,,239.0,0.0,0.0,0.7615000000000001,0.0212585034,0.9212706089,29.1699,0.068,0.0,20.0,,,,,,,,,,,,,,,,,,,,,,,,,,,,,,,,,,,,,,,,,,,,,,,,,,,,,,,,,,,,
,,,,,,,,,,,,,,,,,,,,,,,,,,,,,,335.0,0.0,0.0,0.7825000000000001,0.1332491582,0.888387382,25.7145,0.1041,0.0,75.0,,,,,,,,,,,,,,,,,,,,,,,,,,,,,,,,,,,,,,,,,,,,,,,,,,,,,,,,,,,,
,,,,,,,,,,,,,,,,,,,,,,,,,,,,,,321.0,6.0,6.0,0.7649,0.1105,0.8929747939,38.6383,0.2968,0.0,50.0,,,,,,,,,,,,,,,,,,,,,,,,,,,,,,,,,,,,,,,,,,,,,,,,,,,,,,,,,,,,
,,,,,,,,,,,,,,,,,,,,,,,,,,,,,,308.0,6.0,0.0,0.8244,0.12046851,0.9186406136,35.8961,0.2025,0.0,75.0,,,,,,,,,,,,,,,,,,,,,,,,,,,,,,,,,,,,,,,,,,,,,,,,,,,,,,,,,,,,
,,,,,,,,,,,,,,,,,,,,,,,,,,,,,,191.0,0.0,5.0,0.8227,0.2260687229,0.9103056788,37.0755,0.1262,0.0352941176470588,80.0,,,,,,,,,,,,,,,,,,,,,,,,,,,,,,,,,,,,,,,,,,,,,,,,,,,,,,,,,,,,
,,,,,,,,,,,,,,,,,,,,,,,,,,,,,,523.0,4.0,7.0,0.7336,0.151984127,0.9391887188,42.6844,0.2594,0.0,85.0,,,,,,,,,,,,,,,,,,,,,,,,,,,,,,,,,,,,,,,,,,,,,,,,,,,,,,,,,,,,
,,,,,,,,,,,,,,,,,,,,,,,,,,,,,,151.0,0.0,6.0,0.7591,0.1863636364,0.9325822592,42.9518,0.0945,0.0,30.0,,,,,,,,,,,,,,,,,,,,,,,,,,,,,,,,,,,,,,,,,,,,,,,,,,,,,,,,,,,,
,,,,,,,,,,,,,,,,,,,,,,,,,,,,,,156.0,4.0,5.0,0.7688,0.2548701299,0.8334491253,51.7318,0.127,0.0,60.0,,,,,,,,,,,,,,,,,,,,,,,,,,,,,,,,,,,,,,,,,,,,,,,,,,,,,,,,,,,,
,,,,,,,,,,,,,,,,,,,,,,,,,,,,,,251.0,0.0,1.0,0.7655000000000001,0.1954301075,0.8643754721,26.51,0.072,0.0096153846153845,35.0,,,,,,,,,,,,,,,,,,,,,,,,,,,,,,,,,,,,,,,,,,,,,,,,,,,,,,,,,,,,
,,,,,,,,,,,,,,,,,,,,,,,,,,,,,,657.0,0.0,10.0,0.7662,0.1343045961,0.9303361773,36.4806,0.1798,0.0204081632653061,90.0,,,,,,,,,,,,,,,,,,,,,,,,,,,,,,,,,,,,,,,,,,,,,,,,,,,,,,,,,,,,
,,,,,,,,,,,,,,,,,,,,,,,,,,,,,,222.0,0.0,5.0,0.789,0.1708333333,0.7852613926,44.4049,0.1249,0.011111111111111,50.0,,,,,,,,,,,,,,,,,,,,,,,,,,,,,,,,,,,,,,,,,,,,,,,,,,,,,,,,,,,,
,,,,,,,,,,,,,,,,,,,,,,,,,,,,,,345.0,0.0,5.0,0.7134,0.107183908,0.9178090692,47.8521,0.069,0.0,70.0,,,,,,,,,,,,,,,,,,,,,,,,,,,,,,,,,,,,,,,,,,,,,,,,,,,,,,,,,,,,
,,,,,,,,,,,,,,,,,,,,,,,,,,,,,,511.0,0.0,1.0,0.7554000000000001,0.1285779221,0.9235043526,32.94,0.2025,0.0,60.0,,,,,,,,,,,,,,,,,,,,,,,,,,,,,,,,,,,,,,,,,,,,,,,,,,,,,,,,,,,,
,,,,,,,,,,,,,,,,,,,,,,,,,,,,,,,,,,,,,,,,269.0,0.0,7.0,0.7805000000000001,0.0904761905,0.8525229096,32.8096,0.1303,0.0,80.0,,,,,,,,,,,,,,,,,,,,,,,,,,,,,,,,,,,,,,,,,,,,,,,,,,
,,,,,,,,,,,,,,,,,,,,,,,,,,,,,,,,,,,,,,,,506.0,0.0,8.0,0.8129000000000001,0.1168538059,0.8539184332,31.6518,0.1355,0.011111111111111,70.0,,,,,,,,,,,,,,,,,,,,,,,,,,,,,,,,,,,,,,,,,,,,,,,,,,
,,,,,,,,,,,,,,,,,,,,,,,,,,,,,,,,,,,,,,,,497.0,1.0,2.0,0.764,0.0333794423,0.8763324022000001,43.7997,0.1199,0.018018018018018,70.0,,,,,,,,,,,,,,,,,,,,,,,,,,,,,,,,,,,,,,,,,,,,,,,,,,
,,,,,,,,,,,,,,,,,,,,,,,,,,,,,,,,,,,,,,,,303.0,0.0,1.0,0.7774000000000001,0.1265046296,0.9193514585,28.03,0.1953,0.010204081632653,40.0,,,,,,,,,,,,,,,,,,,,,,,,,,,,,,,,,,,,,,,,,,,,,,,,,,
,,,,,,,,,,,,,,,,,,,,,,,,,,,,,,,,,,,,,,,,828.0,0.0,1.0,0.7912,0.1146087604,0.9262154102,37.64,0.1733,0.0194174757281553,80.0,,,,,,,,,,,,,,,,,,,,,,,,,,,,,,,,,,,,,,,,,,,,,,,,,,
,,,,,,,,,,,,,,,,,,,,,,,,,,,,,,,,,,,,,,,,396.0,6.0,10.0,0.8049000000000001,0.0169512649,0.8747833967,36.338,0.1262,0.0217391304347825,30.0,,,,,,,,,,,,,,,,,,,,,,,,,,,,,,,,,,,,,,,,,,,,,,,,,,
,,,,,,,,,,,,,,,,,,,,,,,,,,,,,,,,,,,,,,,,179.0,0.0,1.0,0.7292000000000001,0.2881684492,0.9028391838,49.4757,0.1262,0.0104166666666666,55.0,,,,,,,,,,,,,,,,,,,,,,,,,,,,,,,,,,,,,,,,,,,,,,,,,,
,,,,,,,,,,,,,,,,,,,,,,,,,,,,,,,,,,,,,,,,457.0,0.0,0.0,0.7902,0.0358824734,0.9262851477,37.6838,0.0987,0.0,65.0,,,,,,,,,,,,,,,,,,,,,,,,,,,,,,,,,,,,,,,,,,,,,,,,,,
,,,,,,,,,,,,,,,,,,,,,,,,,,,,,,,,,,,,,,,,383.0,0.0,1.0,0.8028000000000001,0.1083887657,0.964974463,26.61,0.072,0.0103092783505154,65.0,,,,,,,,,,,,,,,,,,,,,,,,,,,,,,,,,,,,,,,,,,,,,,,,,,
,,,,,,,,,,,,,,,,,,,,,,,,,,,,,,,,,,,,,,,,381.0,0.0,2.0,0.7938000000000001,0.0882617383,0.9497602582,33.5264,0.3688,0.0,60.0,,,,,,,,,,,,,,,,,,,,,,,,,,,,,,,,,,,,,,,,,,,,,,,,,,
,,,,,,,,,,,,,,,,,,,,,,,,,,,,,,,,,,,,,,,,538.0,0.0,8.0,0.7593000000000001,0.1164814815,0.9151369929,32.73,0.4415,0.010752688172043,80.0,,,,,,,,,,,,,,,,,,,,,,,,,,,,,,,,,,,,,,,,,,,,,,,,,,
,,,,,,,,,,,,,,,,,,,,,,,,,,,,,,,,,,,,,,,,849.0,7.0,12.0,0.7813,0.0869150691,0.9562900662,35.4208,0.9511,0.0,85.0,,,,,,,,,,,,,,,,,,,,,,,,,,,,,,,,,,,,,,,,,,,,,,,,,,
,,,,,,,,,,,,,,,,,,,,,,,,,,,,,,,,,,,,,,,,1395.0,47.0,22.0,0.8111,0.0786587302,0.9124334455,43.1599,0.8084,0.011111111111111,90.0,,,,,,,,,,,,,,,,,,,,,,,,,,,,,,,,,,,,,,,,,,,,,,,,,,
,,,,,,,,,,,,,,,,,,,,,,,,,,,,,,,,,,,,,,,,488.0,0.0,14.0,0.7129000000000001,0.0987179487,0.960095048,60.5127,0.1507,0.0,95.0,,,,,,,,,,,,,,,,,,,,,,,,,,,,,,,,,,,,,,,,,,,,,,,,,,
,,,,,,,,,,,,,,,,,,,,,,,,,,,,,,,,,,,,,,,,567.0,0.0,11.0,0.7288,0.0885162602,0.8189634085,44.2964,0.5533,0.025,85.0,,,,,,,,,,,,,,,,,,,,,,,,,,,,,,,,,,,,,,,,,,,,,,,,,,
,,,,,,,,,,,,,,,,,,,,,,,,,,,,,,,,,,,,,,,,255.0,0.0,1.0,0.7286,0.1503623188,0.8830835223,22.55,0.0513,0.0103092783505154,70.0,,,,,,,,,,,,,,,,,,,,,,,,,,,,,,,,,,,,,,,,,,,,,,,,,,
,,,,,,,,,,,,,,,,,,,,,,,,,,,,,,,,,,,,,,,,445.0,0.0,4.0,0.7856000000000001,0.0264697571,0.920696795,16.5721,0.2025,0.034090909090909,90.0,,,,,,,,,,,,,,,,,,,,,,,,,,,,,,,,,,,,,,,,,,,,,,,,,,
,,,,,,,,,,,,,,,,,,,,,,,,,,,,,,,,,,,,,,,,599.0,0.0,1.0,0.7426,0.0490403304,0.9423602819,39.8348,0.0548,0.0,60.0,,,,,,,,,,,,,,,,,,,,,,,,,,,,,,,,,,,,,,,,,,,,,,,,,,
,,,,,,,,,,,,,,,,,,,,,,,,,,,,,,,,,,,,,,,,712.0,1.0,1.0,0.8181,0.1339285714,0.8927021623,38.25,0.9486,0.0,80.0,,,,,,,,,,,,,,,,,,,,,,,,,,,,,,,,,,,,,,,,,,,,,,,,,,
,,,,,,,,,,,,,,,,,,,,,,,,,,,,,,,,,,,,,,,,257.0,0.0,0.0,0.7855000000000001,0.2496247619,0.9288473129,32.83,0.1858,0.0,70.0,,,,,,,,,,,,,,,,,,,,,,,,,,,,,,,,,,,,,,,,,,,,,,,,,,
,,,,,,,,,,,,,,,,,,,,,,,,,,,,,,,,,,,,,,,,193.0,0.0,8.0,0.7317,0.2086080586,0.8585108519,39.8612,0.0866,0.0113636363636363,65.0,,,,,,,,,,,,,,,,,,,,,,,,,,,,,,,,,,,,,,,,,,,,,,,,,,
,,,,,,,,,,,,,,,,,,,,,,,,,,,,,,,,,,,,,,,,457.0,0.0,4.0,0.784,0.0900462963,0.7808064222000001,40.99,0.2025,0.0198019801980198,30.0,,,,,,,,,,,,,,,,,,,,,,,,,,,,,,,,,,,,,,,,,,,,,,,,,,
,,,,,,,,,,,,,,,,,,,,,,,,,,,,,,,,,,,,,,,,677.0,0.0,1.0,0.7869,0.1082326007,0.9219363928,41.5,0.0743,0.010204081632653,70.0,,,,,,,,,,,,,,,,,,,,,,,,,,,,,,,,,,,,,,,,,,,,,,,,,,
,,,,,,,,,,,,,,,,,,,,,,,,,,,,,,,,,,,,,,,,529.0,0.0,13.0,0.7985,0.1007839262,0.9079990983,29.1727,0.0751,0.0105263157894737,95.0,,,,,,,,,,,,,,,,,,,,,,,,,,,,,,,,,,,,,,,,,,,,,,,,,,
,,,,,,,,,,,,,,,,,,,,,,,,,,,,,,,,,,,,,,,,695.0,4.0,0.0,0.8047000000000001,0.1297619048,0.9349661469,17.6354,0.1939,0.0,80.0,,,,,,,,,,,,,,,,,,,,,,,,,,,,,,,,,,,,,,,,,,,,,,,,,,
,,,,,,,,,,,,,,,,,,,,,,,,,,,,,,,,,,,,,,,,506.0,0.0,1.0,0.755,0.1682376396,0.918002069,26.03,0.1585,0.0,80.0,,,,,,,,,,,,,,,,,,,,,,,,,,,,,,,,,,,,,,,,,,,,,,,,,,
,,,,,,,,,,,,,,,,,,,,,,,,,,,,,,,,,,,,,,,,603.0,0.0,1.0,0.7697,0.1625646946,0.8846502304,48.84,0.11,0.0,95.0,,,,,,,,,,,,,,,,,,,,,,,,,,,,,,,,,,,,,,,,,,,,,,,,,,
,,,,,,,,,,,,,,,,,,,,,,,,,,,,,,,,,,,,,,,,230.0,0.0,0.0,0.7707,0.1163095238,0.8710092306,49.2569,0.4095,0.0206185567010309,80.0,,,,,,,,,,,,,,,,,,,,,,,,,,,,,,,,,,,,,,,,,,,,,,,,,,
,,,,,,,,,,,,,,,,,,,,,,,,,,,,,,,,,,,,,,,,978.0,19.0,10.0,0.7488,0.1131349206,0.8954746723,49.62,0.209,0.0142857142857142,70.0,,,,,,,,,,,,,,,,,,,,,,,,,,,,,,,,,,,,,,,,,,,,,,,,,,
,,,,,,,,,,,,,,,,,,,,,,,,,,,,,,,,,,,,,,,,452.0,0.0,0.0,0.7528,0.0711098379,0.9008852243,34.4183,0.1041,0.0,65.0,,,,,,,,,,,,,,,,,,,,,,,,,,,,,,,,,,,,,,,,,,,,,,,,,,
,,,,,,,,,,,,,,,,,,,,,,,,,,,,,,,,,,,,,,,,405.0,0.0,0.0,0.7395,0.0743082368,0.906255722,37.9574,0.3617,0.0,73.0,,,,,,,,,,,,,,,,,,,,,,,,,,,,,,,,,,,,,,,,,,,,,,,,,,
,,,,,,,,,,,,,,,,,,,,,,,,,,,,,,,,,,,,,,,,296.0,0.0,3.0,0.7848,0.0529183673,0.9382253885,22.8589,0.2519,0.0,80.0,,,,,,,,,,,,,,,,,,,,,,,,,,,,,,,,,,,,,,,,,,,,,,,,,,
,,,,,,,,,,,,,,,,,,,,,,,,,,,,,,,,,,,,,,,,576.0,8.0,12.0,0.8295,0.098241342,0.8879517317000001,35.1135,0.1953,0.0,78.0,,,,,,,,,,,,,,,,,,,,,,,,,,,,,,,,,,,,,,,,,,,,,,,,,,
,,,,,,,,,,,,,,,,,,,,,,,,,,,,,,,,,,,,,,,,437.0,0.0,0.0,0.7918000000000001,0.140245098,0.8603233695,38.62,0.1695,0.0,87.0,,,,,,,,,,,,,,,,,,,,,,,,,,,,,,,,,,,,,,,,,,,,,,,,,,
,,,,,,,,,,,,,,,,,,,,,,,,,,,,,,,,,,,,,,,,408.0,0.0,1.0,0.7854,0.0512987013,0.8514997363,51.0689,0.1822,0.0,73.0,,,,,,,,,,,,,,,,,,,,,,,,,,,,,,,,,,,,,,,,,,,,,,,,,,
,,,,,,,,,,,,,,,,,,,,,,,,,,,,,,,,,,,,,,,,330.0,0.0,1.0,0.7733,0.1701041667,0.7571926117000001,32.22,0.2025,0.0,50.0,,,,,,,,,,,,,,,,,,,,,,,,,,,,,,,,,,,,,,,,,,,,,,,,,,
,,,,,,,,,,,,,,,,,,,,,,,,,,,,,,,,,,,,,,,,531.0,0.0,2.0,0.7698,0.1330880952,0.8107333779,30.09,0.2674,0.0202020202020202,60.0,,,,,,,,,,,,,,,,,,,,,,,,,,,,,,,,,,,,,,,,,,,,,,,,,,
,,,,,,,,,,,,,,,,,,,,,,,,,,,,,,,,,,,,,,,,440.0,0.0,8.0,0.7638,0.1027442795,0.943526268,30.7553,0.0478,0.0,60.0,,,,,,,,,,,,,,,,,,,,,,,,,,,,,,,,,,,,,,,,,,,,,,,,,,
,,,,,,,,,,,,,,,,,,,,,,,,,,,,,,,,,,,,,,,,142.0,1.0,1.0,0.8899,0.2458333333,0.8636165857,31.5628,0.1858,0.0,50.0,,,,,,,,,,,,,,,,,,,,,,,,,,,,,,,,,,,,,,,,,,,,,,,,,,
,,,,,,,,,,,,,,,,,,,,,,,,,,,,,,,,,,,,,,,,628.0,0.0,0.0,0.7887000000000001,0.237199793,0.9079948664,47.996,0.2814,0.0120481927710843,95.0,,,,,,,,,,,,,,,,,,,,,,,,,,,,,,,,,,,,,,,,,,,,,,,,,,
,,,,,,,,,,,,,,,,,,,,,,,,,,,,,,,,,,,,,,,,453.0,0.0,0.0,0.8017000000000001,0.0920518284,0.8552749157,50.4888,0.1443,0.0,85.0,,,,,,,,,,,,,,,,,,,,,,,,,,,,,,,,,,,,,,,,,,,,,,,,,,
,,,,,,,,,,,,,,,,,,,,,,,,,,,,,,,,,,,,,,,,743.0,1.0,2.0,0.7414000000000001,0.0964416896,0.8564590812,50.4638,0.087,0.0,90.0,,,,,,,,,,,,,,,,,,,,,,,,,,,,,,,,,,,,,,,,,,,,,,,,,,
,,,,,,,,,,,,,,,,,,,,,,,,,,,,,,,,,,,,,,,,267.0,0.0,1.0,0.812,0.1120610871,0.9594182372,23.6709,0.1262,0.0,55.0,,,,,,,,,,,,,,,,,,,,,,,,,,,,,,,,,,,,,,,,,,,,,,,,,,
,,,,,,,,,,,,,,,,,,,,,,,,,,,,,,,,,,,,,,,,241.0,0.0,1.0,0.7298,0.0583955628,0.846791029,42.21,0.1939,0.0,12.0,,,,,,,,,,,,,,,,,,,,,,,,,,,,,,,,,,,,,,,,,,,,,,,,,,
,,,,,,,,,,,,,,,,,,,,,,,,,,,,,,,,,,,,,,,,936.0,1.0,23.0,0.7754000000000001,0.0670068027,0.8958138227,40.0849,0.3021,0.0,80.0,,,,,,,,,,,,,,,,,,,,,,,,,,,,,,,,,,,,,,,,,,,,,,,,,,
,,,,,,,,,,,,,,,,,,,,,,,,,,,,,,,,,,,,,,,,514.0,4.0,0.0,0.7396,0.0922263521,0.8461868763,32.22,0.3825,0.0319148936170212,70.0,,,,,,,,,,,,,,,,,,,,,,,,,,,,,,,,,,,,,,,,,,,,,,,,,,
,,,,,,,,,,,,,,,,,,,,,,,,,,,,,,,,,,,,,,,,537.0,1.0,9.0,0.7805000000000001,0.1227907962,0.9027240276,39.5944,0.2889,0.0208333333333333,75.0,,,,,,,,,,,,,,,,,,,,,,,,,,,,,,,,,,,,,,,,,,,,,,,,,,
,,,,,,,,,,,,,,,,,,,,,,,,,,,,,,,,,,,,,,,,614.0,0.0,11.0,0.7928000000000001,0.0638390498,0.9844013453,22.4917,0.4435,0.0,75.0,,,,,,,,,,,,,,,,,,,,,,,,,,,,,,,,,,,,,,,,,,,,,,,,,,
,,,,,,,,,,,,,,,,,,,,,,,,,,,,,,,,,,,,,,,,407.0,0.0,1.0,0.8075,0.19765625,0.8522759080000001,45.2435,0.464,0.0117647058823529,77.0,,,,,,,,,,,,,,,,,,,,,,,,,,,,,,,,,,,,,,,,,,,,,,,,,,
,,,,,,,,,,,,,,,,,,,,,,,,,,,,,,,,,,,,,,,,965.0,0.0,17.0,0.7161000000000001,0.0723501082,0.8610098362,54.1142,0.1104,0.0,90.0,,,,,,,,,,,,,,,,,,,,,,,,,,,,,,,,,,,,,,,,,,,,,,,,,,
,,,,,,,,,,,,,,,,,,,,,,,,,,,,,,,,,,,,,,,,381.0,2.0,6.0,0.7718,0.1664021164,0.942080617,51.3976,0.2205,0.0092592592592593,60.0,,,,,,,,,,,,,,,,,,,,,,,,,,,,,,,,,,,,,,,,,,,,,,,,,,
,,,,,,,,,,,,,,,,,,,,,,,,,,,,,,,,,,,,,,,,,,,,,,,,,,813.0,0.0,0.0,0.7055,0.1223835026,0.7742326856,52.39,0.0622,0.0,90.0,,,,,,,,,,,,,,,,,,,,,,,,,,,,,,,,,,,,,,,,
,,,,,,,,,,,,,,,,,,,,,,,,,,,,,,,,,,,,,,,,,,,,,,,,,,631.0,2.0,0.0,0.6828000000000001,0.1394175824,0.7388056517,51.68,0.1375,0.0,90.0,,,,,,,,,,,,,,,,,,,,,,,,,,,,,,,,,,,,,,,,
,,,,,,,,,,,,,,,,,,,,,,,,,,,,,,,,,,,,,,,,,,,,,,,,,,500.0,0.0,6.0,0.8309000000000001,0.0973225559,0.8686554432,21.2268,0.157,0.0,68.0,,,,,,,,,,,,,,,,,,,,,,,,,,,,,,,,,,,,,,,,
,,,,,,,,,,,,,,,,,,,,,,,,,,,,,,,,,,,,,,,,,,,,,,,,,,270.0,6.0,7.0,0.776,0.1943277311,0.9432914257,34.3667,0.1719,0.0,55.0,,,,,,,,,,,,,,,,,,,,,,,,,,,,,,,,,,,,,,,,
,,,,,,,,,,,,,,,,,,,,,,,,,,,,,,,,,,,,,,,,,,,,,,,,,,431.0,0.0,1.0,0.7637,0.147826087,0.923546195,34.05,0.1429,0.01,95.0,,,,,,,,,,,,,,,,,,,,,,,,,,,,,,,,,,,,,,,,
,,,,,,,,,,,,,,,,,,,,,,,,,,,,,,,,,,,,,,,,,,,,,,,,,,1157.0,0.0,3.0,0.792,0.1568560127,0.9439898729,35.78,0.0667,0.0,95.0,,,,,,,,,,,,,,,,,,,,,,,,,,,,,,,,,,,,,,,,
,,,,,,,,,,,,,,,,,,,,,,,,,,,,,,,,,,,,,,,,,,,,,,,,,,415.0,0.0,0.0,0.801,0.0800793651,0.9510885477,34.414,0.33,0.01010101010101,84.0,,,,,,,,,,,,,,,,,,,,,,,,,,,,,,,,,,,,,,,,
,,,,,,,,,,,,,,,,,,,,,,,,,,,,,,,,,,,,,,,,,,,,,,,,,,297.0,0.0,1.0,0.775,0.16953125,0.8221491575000001,34.46,0.2025,0.0097087378640776,87.0,,,,,,,,,,,,,,,,,,,,,,,,,,,,,,,,,,,,,,,,
,,,,,,,,,,,,,,,,,,,,,,,,,,,,,,,,,,,,,,,,,,,,,,,,,,371.0,8.0,16.0,0.8160000000000001,0.0151984127,0.909758687,34.48,0.0999,0.0108695652173913,60.0,,,,,,,,,,,,,,,,,,,,,,,,,,,,,,,,,,,,,,,,
,,,,,,,,,,,,,,,,,,,,,,,,,,,,,,,,,,,,,,,,,,,,,,,,,,1055.0,0.0,3.0,0.7009000000000001,0.1379187281,0.9172924757,28.6703,0.0948,0.0,95.0,,,,,,,,,,,,,,,,,,,,,,,,,,,,,,,,,,,,,,,,
,,,,,,,,,,,,,,,,,,,,,,,,,,,,,,,,,,,,,,,,,,,,,,,,,,1010.0,0.0,4.0,0.7969,0.0384225531,0.9721859097,26.3989,0.0751,0.0,90.0,,,,,,,,,,,,,,,,,,,,,,,,,,,,,,,,,,,,,,,,
,,,,,,,,,,,,,,,,,,,,,,,,,,,,,,,,,,,,,,,,,,,,,,,,,,514.0,4.0,0.0,0.7396,0.0922263521,0.8461868763,32.22,0.3825,0.0319148936170212,60.0,,,,,,,,,,,,,,,,,,,,,,,,,,,,,,,,,,,,,,,,
,,,,,,,,,,,,,,,,,,,,,,,,,,,,,,,,,,,,,,,,,,,,,,,,,,317.0,0.0,2.0,0.7553000000000001,0.2233870968,0.8138936162,30.77,0.378,0.0116279069767442,50.0,,,,,,,,,,,,,,,,,,,,,,,,,,,,,,,,,,,,,,,,
,,,,,,,,,,,,,,,,,,,,,,,,,,,,,,,,,,,,,,,,,,,,,,,,,,421.0,0.0,0.0,0.7725000000000001,0.1271780303,0.8192736506,56.86,0.2025,0.0,70.0,,,,,,,,,,,,,,,,,,,,,,,,,,,,,,,,,,,,,,,,
,,,,,,,,,,,,,,,,,,,,,,,,,,,,,,,,,,,,,,,,,,,,,,,,,,464.0,0.0,4.0,0.7773,0.164210373,0.9360240698,34.97,0.6746,0.01010101010101,85.0,,,,,,,,,,,,,,,,,,,,,,,,,,,,,,,,,,,,,,,,
,,,,,,,,,,,,,,,,,,,,,,,,,,,,,,,,,,,,,,,,,,,,,,,,,,232.0,0.0,0.0,0.719,-0.0588461538,0.9578637481,28.03,0.0588,0.0,30.0,,,,,,,,,,,,,,,,,,,,,,,,,,,,,,,,,,,,,,,,
,,,,,,,,,,,,,,,,,,,,,,,,,,,,,,,,,,,,,,,,,,,,,,,,,,505.0,0.0,5.0,0.7445,-0.0014520202,0.8663344979000001,41.2356,0.2383,0.0,75.0,,,,,,,,,,,,,,,,,,,,,,,,,,,,,,,,,,,,,,,,
,,,,,,,,,,,,,,,,,,,,,,,,,,,,,,,,,,,,,,,,,,,,,,,,,,509.0,0.0,1.0,0.7205,0.0361000559,0.9438938498,53.5479,0.2111,0.0303030303030302,75.0,,,,,,,,,,,,,,,,,,,,,,,,,,,,,,,,,,,,,,,,
,,,,,,,,,,,,,,,,,,,,,,,,,,,,,,,,,,,,,,,,,,,,,,,,,,215.0,0.0,1.0,0.7398,0.1799479167,0.6117376089000001,27.93,0.0999,0.0099009900990099,30.0,,,,,,,,,,,,,,,,,,,,,,,,,,,,,,,,,,,,,,,,
,,,,,,,,,,,,,,,,,,,,,,,,,,,,,,,,,,,,,,,,,,,,,,,,,,888.0,0.0,21.0,0.8352,0.157113842,0.8250510693,34.2758,0.7721,0.0,89.0,,,,,,,,,,,,,,,,,,,,,,,,,,,,,,,,,,,,,,,,
,,,,,,,,,,,,,,,,,,,,,,,,,,,,,,,,,,,,,,,,,,,,,,,,,,886.0,0.0,13.0,0.7738,0.0881843647,0.9791465998,19.9989,0.3617,0.011111111111111,95.0,,,,,,,,,,,,,,,,,,,,,,,,,,,,,,,,,,,,,,,,
,,,,,,,,,,,,,,,,,,,,,,,,,,,,,,,,,,,,,,,,,,,,,,,,,,345.0,0.0,0.0,0.7883,0.0617635659,0.9469445348,33.8655,0.1932,0.01,65.0,,,,,,,,,,,,,,,,,,,,,,,,,,,,,,,,,,,,,,,,
,,,,,,,,,,,,,,,,,,,,,,,,,,,,,,,,,,,,,,,,,,,,,,,,,,530.0,0.0,0.0,0.7822,-0.0265522876,0.9537856579,40.043,0.1256,0.0,90.0,,,,,,,,,,,,,,,,,,,,,,,,,,,,,,,,,,,,,,,,
,,,,,,,,,,,,,,,,,,,,,,,,,,,,,,,,,,,,,,,,,,,,,,,,,,420.0,6.0,11.0,0.8181,0.0620555556,0.9237517715,25.273,0.0751,0.0,78.0,,,,,,,,,,,,,,,,,,,,,,,,,,,,,,,,,,,,,,,,
,,,,,,,,,,,,,,,,,,,,,,,,,,,,,,,,,,,,,,,,,,,,,,,,,,430.0,0.0,0.0,0.802,0.0398547816,0.872874856,25.1988,0.0917,0.0,70.0,,,,,,,,,,,,,,,,,,,,,,,,,,,,,,,,,,,,,,,,
,,,,,,,,,,,,,,,,,,,,,,,,,,,,,,,,,,,,,,,,,,,,,,,,,,149.0,0.0,0.0,0.8237,0.0046296296,0.7480648756,30.7324,0.7922,0.0128205128205127,50.0,,,,,,,,,,,,,,,,,,,,,,,,,,,,,,,,,,,,,,,,
,,,,,,,,,,,,,,,,,,,,,,,,,,,,,,,,,,,,,,,,,,,,,,,,,,376.0,0.0,3.0,0.783,-0.0018571429,0.9310600758,29.803,0.8641000000000001,0.0,75.0,,,,,,,,,,,,,,,,,,,,,,,,,,,,,,,,,,,,,,,,
,,,,,,,,,,,,,,,,,,,,,,,,,,,,,,,,,,,,,,,,,,,,,,,,,,532.0,0.0,8.0,0.792,0.1634672619,0.9228382707,19.06,0.0999,0.01010101010101,35.0,,,,,,,,,,,,,,,,,,,,,,,,,,,,,,,,,,,,,,,,
,,,,,,,,,,,,,,,,,,,,,,,,,,,,,,,,,,,,,,,,,,,,,,,,,,288.0,0.0,8.0,0.7815000000000001,0.2704617605,0.954846859,25.7747,0.1213,0.0,55.0,,,,,,,,,,,,,,,,,,,,,,,,,,,,,,,,,,,,,,,,
,,,,,,,,,,,,,,,,,,,,,,,,,,,,,,,,,,,,,,,,,,,,,,,,,,157.0,0.0,1.0,0.7629,0.0292929293,0.7373477221,52.1175,0.0999,0.0404040404040404,50.0,,,,,,,,,,,,,,,,,,,,,,,,,,,,,,,,,,,,,,,,
,,,,,,,,,,,,,,,,,,,,,,,,,,,,,,,,,,,,,,,,,,,,,,,,,,460.0,0.0,0.0,0.7696000000000001,0.0542147667,0.8965290785000001,52.7329,0.3398,0.0096153846153845,85.0,,,,,,,,,,,,,,,,,,,,,,,,,,,,,,,,,,,,,,,,
,,,,,,,,,,,,,,,,,,,,,,,,,,,,,,,,,,,,,,,,,,,,,,,,,,171.0,0.0,6.0,0.7516,0.225462963,0.9025430679,34.1816,0.3617,0.0,50.0,,,,,,,,,,,,,,,,,,,,,,,,,,,,,,,,,,,,,,,,
,,,,,,,,,,,,,,,,,,,,,,,,,,,,,,,,,,,,,,,,,,,,,,,,,,509.0,10.0,2.0,0.8077000000000001,0.0706666667,0.8916092515,28.5196,0.0376,0.0,95.0,,,,,,,,,,,,,,,,,,,,,,,,,,,,,,,,,,,,,,,,
,,,,,,,,,,,,,,,,,,,,,,,,,,,,,,,,,,,,,,,,,,,,,,,,,,435.0,2.0,1.0,0.8452000000000001,0.0972619048,0.9140241742,38.7268,0.103,0.0,75.0,,,,,,,,,,,,,,,,,,,,,,,,,,,,,,,,,,,,,,,,
,,,,,,,,,,,,,,,,,,,,,,,,,,,,,,,,,,,,,,,,,,,,,,,,,,251.0,0.0,0.0,0.7973,0.0616459627,0.9242030978,26.24,0.1041,0.01010101010101,40.0,,,,,,,,,,,,,,,,,,,,,,,,,,,,,,,,,,,,,,,,
,,,,,,,,,,,,,,,,,,,,,,,,,,,,,,,,,,,,,,,,,,,,,,,,,,94.0,0.0,0.0,0.7561,0.2401515152,0.7697365284000001,42.4333,0.2025,0.0374999999999999,30.0,,,,,,,,,,,,,,,,,,,,,,,,,,,,,,,,,,,,,,,,
,,,,,,,,,,,,,,,,,,,,,,,,,,,,,,,,,,,,,,,,,,,,,,,,,,453.0,0.0,0.0,0.8376,0.1718894009,0.8565096855000001,44.5262,0.0917,0.0,90.0,,,,,,,,,,,,,,,,,,,,,,,,,,,,,,,,,,,,,,,,
,,,,,,,,,,,,,,,,,,,,,,,,,,,,,,,,,,,,,,,,,,,,,,,,,,432.0,8.0,14.0,0.7996000000000001,0.1588311688,0.8829935789000001,31.9755,0.1565,0.0,70.0,,,,,,,,,,,,,,,,,,,,,,,,,,,,,,,,,,,,,,,,
,,,,,,,,,,,,,,,,,,,,,,,,,,,,,,,,,,,,,,,,,,,,,,,,,,221.0,0.0,2.0,0.7659,0.1385416667,0.8811582327,39.63,0.1695,0.011111111111111,70.0,,,,,,,,,,,,,,,,,,,,,,,,,,,,,,,,,,,,,,,,
,,,,,,,,,,,,,,,,,,,,,,,,,,,,,,,,,,,,,,,,,,,,,,,,,,365.0,0.0,0.0,0.804,0.0780772006,0.9679618478,20.8673,0.1507,0.0,70.0,,,,,,,,,,,,,,,,,,,,,,,,,,,,,,,,,,,,,,,,
,,,,,,,,,,,,,,,,,,,,,,,,,,,,,,,,,,,,,,,,,,,,,,,,,,397.0,0.0,6.0,0.8015,0.1236507937,0.8783051968000001,27.0767,0.1898,0.0,70.0,,,,,,,,,,,,,,,,,,,,,,,,,,,,,,,,,,,,,,,,
,,,,,,,,,,,,,,,,,,,,,,,,,,,,,,,,,,,,,,,,,,,,,,,,,,909.0,0.0,1.0,0.7201000000000001,0.1334943254,0.8571895361,44.85,0.1976,0.0,75.0,,,,,,,,,,,,,,,,,,,,,,,,,,,,,,,,,,,,,,,,
,,,,,,,,,,,,,,,,,,,,,,,,,,,,,,,,,,,,,,,,,,,,,,,,,,486.0,0.0,0.0,0.8153,0.1035542929,0.8796175122000001,23.8,0.103,0.0104166666666666,68.0,,,,,,,,,,,,,,,,,,,,,,,,,,,,,,,,,,,,,,,,
,,,,,,,,,,,,,,,,,,,,,,,,,,,,,,,,,,,,,,,,,,,,,,,,,,598.0,0.0,0.0,0.63,0.0630793226,0.8437581658000001,20.96,0.0987,0.0,40.0,,,,,,,,,,,,,,,,,,,,,,,,,,,,,,,,,,,,,,,,
,,,,,,,,,,,,,,,,,,,,,,,,,,,,,,,,,,,,,,,,,,,,,,,,,,226.0,0.0,0.0,0.7646000000000001,0.0615740741,0.93345052,42.21,0.1953,0.0275229357798164,30.0,,,,,,,,,,,,,,,,,,,,,,,,,,,,,,,,,,,,,,,,
,,,,,,,,,,,,,,,,,,,,,,,,,,,,,,,,,,,,,,,,,,,,,,,,,,228.0,0.0,0.0,0.7526,0.1886904762,0.8858633041,38.7064,0.2971,0.0,65.0,,,,,,,,,,,,,,,,,,,,,,,,,,,,,,,,,,,,,,,,
,,,,,,,,,,,,,,,,,,,,,,,,,,,,,,,,,,,,,,,,,,,,,,,,,,279.0,0.0,2.0,0.7414000000000001,-0.007047619,0.9233116508,36.096,0.0989,0.0,33.0,,,,,,,,,,,,,,,,,,,,,,,,,,,,,,,,,,,,,,,,
,,,,,,,,,,,,,,,,,,,,,,,,,,,,,,,,,,,,,,,,,,,,,,,,,,568.0,6.0,11.0,0.7951,0.0924047619,0.8703980446,41.8289,0.2746,0.0,65.0,,,,,,,,,,,,,,,,,,,,,,,,,,,,,,,,,,,,,,,,
,,,,,,,,,,,,,,,,,,,,,,,,,,,,,,,,,,,,,,,,,,,,,,,,,,458.0,1.0,1.0,0.7757000000000001,0.0912545788,0.8472784758,43.831,0.174,0.0272727272727272,85.0,,,,,,,,,,,,,,,,,,,,,,,,,,,,,,,,,,,,,,,,
,,,,,,,,,,,,,,,,,,,,,,,,,,,,,,,,,,,,,,,,,,,,,,,,,,262.0,2.0,6.0,0.7371000000000001,0.1460784314,0.8085629344,54.6912,0.1507,0.0,55.0,,,,,,,,,,,,,,,,,,,,,,,,,,,,,,,,,,,,,,,,
,,,,,,,,,,,,,,,,,,,,,,,,,,,,,,,,,,,,,,,,,,,,,,,,,,,,,,,,,,,,503.0,1.0,5.0,0.7741,0.1697330447,0.8522429466,34.66,0.2025,0.0,87.0,,,,,,,,,,,,,,,,,,,,,,,,,,,,,,
,,,,,,,,,,,,,,,,,,,,,,,,,,,,,,,,,,,,,,,,,,,,,,,,,,,,,,,,,,,,155.0,0.0,1.0,0.8418,0.0621428571,0.7829982042,17.3432,0.1041,0.0109890109890109,70.0,,,,,,,,,,,,,,,,,,,,,,,,,,,,,,
,,,,,,,,,,,,,,,,,,,,,,,,,,,,,,,,,,,,,,,,,,,,,,,,,,,,,,,,,,,,909.0,0.0,5.0,0.6798000000000001,0.1225925926,0.8569852710000001,50.12,0.072,0.0,80.0,,,,,,,,,,,,,,,,,,,,,,,,,,,,,,
,,,,,,,,,,,,,,,,,,,,,,,,,,,,,,,,,,,,,,,,,,,,,,,,,,,,,,,,,,,,394.0,8.0,6.0,0.77,0.1385714286,0.8948391676,48.9981,0.1429,0.0,85.0,,,,,,,,,,,,,,,,,,,,,,,,,,,,,,
,,,,,,,,,,,,,,,,,,,,,,,,,,,,,,,,,,,,,,,,,,,,,,,,,,,,,,,,,,,,172.0,0.0,4.0,0.6699,0.1067307692,0.9783408642,26.959,0.0945,0.0,30.0,,,,,,,,,,,,,,,,,,,,,,,,,,,,,,
,,,,,,,,,,,,,,,,,,,,,,,,,,,,,,,,,,,,,,,,,,,,,,,,,,,,,,,,,,,,499.0,0.0,1.0,0.7308,0.0796438834,0.93872118,45.6397,0.1463,0.0,83.0,,,,,,,,,,,,,,,,,,,,,,,,,,,,,,
,,,,,,,,,,,,,,,,,,,,,,,,,,,,,,,,,,,,,,,,,,,,,,,,,,,,,,,,,,,,156.0,0.0,5.0,0.8035,0.28125,0.9500498772,29.3366,0.1213,0.0,60.0,,,,,,,,,,,,,,,,,,,,,,,,,,,,,,
,,,,,,,,,,,,,,,,,,,,,,,,,,,,,,,,,,,,,,,,,,,,,,,,,,,,,,,,,,,,643.0,1.0,3.0,0.7094,0.144527027,0.9203350544,43.43,0.2025,0.0,95.0,,,,,,,,,,,,,,,,,,,,,,,,,,,,,,
,,,,,,,,,,,,,,,,,,,,,,,,,,,,,,,,,,,,,,,,,,,,,,,,,,,,,,,,,,,,315.0,1.0,0.0,0.8383,0.1165756303,0.846734941,25.53,0.2027,0.0104166666666666,75.0,,,,,,,,,,,,,,,,,,,,,,,,,,,,,,
,,,,,,,,,,,,,,,,,,,,,,,,,,,,,,,,,,,,,,,,,,,,,,,,,,,,,,,,,,,,558.0,0.0,1.0,0.6852,0.2175529418,0.8011541963000001,52.39,0.7201000000000001,0.0,90.0,,,,,,,,,,,,,,,,,,,,,,,,,,,,,,
,,,,,,,,,,,,,,,,,,,,,,,,,,,,,,,,,,,,,,,,,,,,,,,,,,,,,,,,,,,,101.0,0.0,0.0,0.6838000000000001,0.2375,0.7351319194,55.03,0.2086,0.01010101010101,45.0,,,,,,,,,,,,,,,,,,,,,,,,,,,,,,
,,,,,,,,,,,,,,,,,,,,,,,,,,,,,,,,,,,,,,,,,,,,,,,,,,,,,,,,,,,,300.0,0.0,0.0,0.7971,0.2083333333,0.82766819,32.3061,0.0948,0.0,38.0,,,,,,,,,,,,,,,,,,,,,,,,,,,,,,
,,,,,,,,,,,,,,,,,,,,,,,,,,,,,,,,,,,,,,,,,,,,,,,,,,,,,,,,,,,,153.0,0.0,1.0,0.8190000000000001,0.0409090909,0.9198144674,44.2428,0.1932,0.0202020202020202,50.0,,,,,,,,,,,,,,,,,,,,,,,,,,,,,,
,,,,,,,,,,,,,,,,,,,,,,,,,,,,,,,,,,,,,,,,,,,,,,,,,,,,,,,,,,,,243.0,0.0,2.0,0.7673,0.07625,0.9360769987,44.2496,0.1375,0.0099009900990099,20.0,,,,,,,,,,,,,,,,,,,,,,,,,,,,,,
,,,,,,,,,,,,,,,,,,,,,,,,,,,,,,,,,,,,,,,,,,,,,,,,,,,,,,,,,,,,180.0,0.0,4.0,0.7694000000000001,0.1152568922,0.9103051424,52.27,0.2025,0.0186915887850467,40.0,,,,,,,,,,,,,,,,,,,,,,,,,,,,,,
,,,,,,,,,,,,,,,,,,,,,,,,,,,,,,,,,,,,,,,,,,,,,,,,,,,,,,,,,,,,209.0,0.0,1.0,0.7103,0.0706140351,0.6933223009,33.34,0.0999,0.0098039215686274,40.0,,,,,,,,,,,,,,,,,,,,,,,,,,,,,,
,,,,,,,,,,,,,,,,,,,,,,,,,,,,,,,,,,,,,,,,,,,,,,,,,,,,,,,,,,,,282.0,0.0,1.0,0.7397,0.1770833333,0.8287450671000001,28.23,0.0999,0.0098039215686274,95.0,,,,,,,,,,,,,,,,,,,,,,,,,,,,,,
,,,,,,,,,,,,,,,,,,,,,,,,,,,,,,,,,,,,,,,,,,,,,,,,,,,,,,,,,,,,555.0,0.0,0.0,0.7892,0.0370982143,0.8943858147,29.2188,0.1199,0.0119047619047618,79.0,,,,,,,,,,,,,,,,,,,,,,,,,,,,,,
,,,,,,,,,,,,,,,,,,,,,,,,,,,,,,,,,,,,,,,,,,,,,,,,,,,,,,,,,,,,273.0,0.0,1.0,0.6864,0.146091954,0.8472419977000001,47.08,0.0999,0.0098039215686274,70.0,,,,,,,,,,,,,,,,,,,,,,,,,,,,,,
,,,,,,,,,,,,,,,,,,,,,,,,,,,,,,,,,,,,,,,,,,,,,,,,,,,,,,,,,,,,67.0,0.0,0.0,0.8271000000000001,0.0641666667,0.5431773663,3.63,0.0999,0.0,50.0,,,,,,,,,,,,,,,,,,,,,,,,,,,,,,
,,,,,,,,,,,,,,,,,,,,,,,,,,,,,,,,,,,,,,,,,,,,,,,,,,,,,,,,,,,,891.0,0.0,0.0,0.8149000000000001,0.1703429133,0.9050506353,26.5592,0.2552,0.0291262135922329,90.0,,,,,,,,,,,,,,,,,,,,,,,,,,,,,,
,,,,,,,,,,,,,,,,,,,,,,,,,,,,,,,,,,,,,,,,,,,,,,,,,,,,,,,,,,,,317.0,0.0,2.0,0.7553000000000001,0.2233870968,0.8138936162,30.77,0.378,0.0116279069767442,88.0,,,,,,,,,,,,,,,,,,,,,,,,,,,,,,
,,,,,,,,,,,,,,,,,,,,,,,,,,,,,,,,,,,,,,,,,,,,,,,,,,,,,,,,,,,,333.0,0.0,1.0,0.7545000000000001,0.1541341991,0.7552205324,39.84,0.145,0.0,85.0,,,,,,,,,,,,,,,,,,,,,,,,,,,,,,
,,,,,,,,,,,,,,,,,,,,,,,,,,,,,,,,,,,,,,,,,,,,,,,,,,,,,,,,,,,,603.0,0.0,3.0,0.7867000000000001,0.0567165212,0.9565235972,32.288,0.3178,0.0,90.0,,,,,,,,,,,,,,,,,,,,,,,,,,,,,,
,,,,,,,,,,,,,,,,,,,,,,,,,,,,,,,,,,,,,,,,,,,,,,,,,,,,,,,,,,,,385.0,0.0,2.0,0.7937000000000001,0.1619918699,0.8808193207,42.41,0.8514,0.0,73.0,,,,,,,,,,,,,,,,,,,,,,,,,,,,,,
,,,,,,,,,,,,,,,,,,,,,,,,,,,,,,,,,,,,,,,,,,,,,,,,,,,,,,,,,,,,493.0,4.0,4.0,0.7982,0.1617001181,0.9298262,49.21,0.0743,0.0,50.0,,,,,,,,,,,,,,,,,,,,,,,,,,,,,,
,,,,,,,,,,,,,,,,,,,,,,,,,,,,,,,,,,,,,,,,,,,,,,,,,,,,,,,,,,,,570.0,0.0,19.0,0.7331000000000001,0.1279780564,0.8857254982,42.9672,0.2018,0.0,90.0,,,,,,,,,,,,,,,,,,,,,,,,,,,,,,
,,,,,,,,,,,,,,,,,,,,,,,,,,,,,,,,,,,,,,,,,,,,,,,,,,,,,,,,,,,,278.0,0.0,0.0,0.7733,0.1502083333,0.8888005614000001,54.6915,0.8064,0.0,65.0,,,,,,,,,,,,,,,,,,,,,,,,,,,,,,
,,,,,,,,,,,,,,,,,,,,,,,,,,,,,,,,,,,,,,,,,,,,,,,,,,,,,,,,,,,,445.0,0.0,3.0,0.7604000000000001,0.1671732523,0.8855220079,35.8282,0.1507,0.0283018867924528,65.0,,,,,,,,,,,,,,,,,,,,,,,,,,,,,,
,,,,,,,,,,,,,,,,,,,,,,,,,,,,,,,,,,,,,,,,,,,,,,,,,,,,,,,,,,,,869.0,2.0,1.0,0.8025,0.0520572678,0.9226619005,48.6,0.0622,0.0309278350515463,90.0,,,,,,,,,,,,,,,,,,,,,,,,,,,,,,
,,,,,,,,,,,,,,,,,,,,,,,,,,,,,,,,,,,,,,,,,,,,,,,,,,,,,,,,,,,,358.0,2.0,7.0,0.746,0.1578253119,0.9263672829,32.9482,0.1262,0.0188679245283018,60.0,,,,,,,,,,,,,,,,,,,,,,,,,,,,,,
,,,,,,,,,,,,,,,,,,,,,,,,,,,,,,,,,,,,,,,,,,,,,,,,,,,,,,,,,,,,480.0,0.0,2.0,0.7995,0.1289980852,0.8795605302,42.4187,0.6631,0.0099009900990099,90.0,,,,,,,,,,,,,,,,,,,,,,,,,,,,,,
,,,,,,,,,,,,,,,,,,,,,,,,,,,,,,,,,,,,,,,,,,,,,,,,,,,,,,,,,,,,143.0,0.0,1.0,0.7243,0.0889508929,0.948985219,28.0155,0.068,0.0,12.0,,,,,,,,,,,,,,,,,,,,,,,,,,,,,,
,,,,,,,,,,,,,,,,,,,,,,,,,,,,,,,,,,,,,,,,,,,,,,,,,,,,,,,,,,,,257.0,0.0,4.0,0.8107000000000001,0.2638203463,0.9874250889,21.2322,0.1572,0.0,40.0,,,,,,,,,,,,,,,,,,,,,,,,,,,,,,
,,,,,,,,,,,,,,,,,,,,,,,,,,,,,,,,,,,,,,,,,,,,,,,,,,,,,,,,,,,,317.0,0.0,5.0,0.7623000000000001,0.0468944099,0.9299380779,29.1641,0.1303,0.0206185567010309,80.0,,,,,,,,,,,,,,,,,,,,,,,,,,,,,,
,,,,,,,,,,,,,,,,,,,,,,,,,,,,,,,,,,,,,,,,,,,,,,,,,,,,,,,,,,,,210.0,0.0,0.0,0.8595,0.1349378882,0.9337836504,26.71,0.2552,0.0,30.0,,,,,,,,,,,,,,,,,,,,,,,,,,,,,,
,,,,,,,,,,,,,,,,,,,,,,,,,,,,,,,,,,,,,,,,,,,,,,,,,,,,,,,,,,,,289.0,0.0,5.0,0.7676000000000001,0.1721428571,0.8675829172,20.4212,0.1213,0.0,70.0,,,,,,,,,,,,,,,,,,,,,,,,,,,,,,
,,,,,,,,,,,,,,,,,,,,,,,,,,,,,,,,,,,,,,,,,,,,,,,,,,,,,,,,,,,,122.0,0.0,2.0,0.7362000000000001,0.15625,0.7357035875,77.13,0.3011,0.034090909090909,50.0,,,,,,,,,,,,,,,,,,,,,,,,,,,,,,
,,,,,,,,,,,,,,,,,,,,,,,,,,,,,,,,,,,,,,,,,,,,,,,,,,,,,,,,,,,,283.0,0.0,8.0,0.8014,0.127046131,0.9349081516,30.9022,0.4134,0.0,65.0,,,,,,,,,,,,,,,,,,,,,,,,,,,,,,
,,,,,,,,,,,,,,,,,,,,,,,,,,,,,,,,,,,,,,,,,,,,,,,,,,,,,,,,,,,,420.0,0.0,1.0,0.8172,0.1425933442,0.9128888845,37.1539,0.0499,0.0098039215686274,80.0,,,,,,,,,,,,,,,,,,,,,,,,,,,,,,
,,,,,,,,,,,,,,,,,,,,,,,,,,,,,,,,,,,,,,,,,,,,,,,,,,,,,,,,,,,,467.0,0.0,1.0,0.6792,0.0910683761,0.7335828543,42.41,0.0709,0.0,65.0,,,,,,,,,,,,,,,,,,,,,,,,,,,,,,
,,,,,,,,,,,,,,,,,,,,,,,,,,,,,,,,,,,,,,,,,,,,,,,,,,,,,,,,,,,,553.0,0.0,4.0,0.8156,0.0484206349,0.8696163893000001,48.758,0.2567,0.04,75.0,,,,,,,,,,,,,,,,,,,,,,,,,,,,,,
,,,,,,,,,,,,,,,,,,,,,,,,,,,,,,,,,,,,,,,,,,,,,,,,,,,,,,,,,,,,484.0,0.0,0.0,0.7857000000000001,0.0355132962,0.8869557381000001,36.2197,0.1669,0.0,90.0,,,,,,,,,,,,,,,,,,,,,,,,,,,,,,
,,,,,,,,,,,,,,,,,,,,,,,,,,,,,,,,,,,,,,,,,,,,,,,,,,,,,,,,,,,,394.0,0.0,0.0,0.787,0.0838709677,0.8256777525000001,29.8058,0.1199,0.0196078431372549,60.0,,,,,,,,,,,,,,,,,,,,,,,,,,,,,,
,,,,,,,,,,,,,,,,,,,,,,,,,,,,,,,,,,,,,,,,,,,,,,,,,,,,,,,,,,,,346.0,0.0,1.0,0.7665000000000001,0.0904969069,0.7391343713,52.9766,0.0291,0.0306122448979592,60.0,,,,,,,,,,,,,,,,,,,,,,,,,,,,,,
,,,,,,,,,,,,,,,,,,,,,,,,,,,,,,,,,,,,,,,,,,,,,,,,,,,,,,,,,,,,537.0,0.0,0.0,0.7747,0.1567073171,0.8508368134000001,36.7413,0.0657,0.01,80.0,,,,,,,,,,,,,,,,,,,,,,,,,,,,,,
,,,,,,,,,,,,,,,,,,,,,,,,,,,,,,,,,,,,,,,,,,,,,,,,,,,,,,,,,,,,172.0,0.0,0.0,0.7861,0.0818681319,0.7953575253,32.73,0.1213,0.0099009900990099,70.0,,,,,,,,,,,,,,,,,,,,,,,,,,,,,,
,,,,,,,,,,,,,,,,,,,,,,,,,,,,,,,,,,,,,,,,,,,,,,,,,,,,,,,,,,,,368.0,0.0,7.0,0.7637,0.1577767857,0.9543603063,30.1542,0.1719,0.0120481927710843,85.0,,,,,,,,,,,,,,,,,,,,,,,,,,,,,,
,,,,,,,,,,,,,,,,,,,,,,,,,,,,,,,,,,,,,,,,,,,,,,,,,,,,,,,,,,,,949.0,0.0,0.0,0.7745000000000001,0.0229609929,0.8705494404,49.7816,0.2416,0.0,82.0,,,,,,,,,,,,,,,,,,,,,,,,,,,,,,
,,,,,,,,,,,,,,,,,,,,,,,,,,,,,,,,,,,,,,,,,,,,,,,,,,,,,,,,,,,,274.0,0.0,1.0,0.7818,0.1495833333,0.8935310245,24.68,0.1213,0.01,60.0,,,,,,,,,,,,,,,,,,,,,,,,,,,,,,
,,,,,,,,,,,,,,,,,,,,,,,,,,,,,,,,,,,,,,,,,,,,,,,,,,,,,,,,,,,,,,,,,,,,,,566.0,0.0,2.0,0.8138000000000001,0.1125,0.8472209573,40.8228,0.33,0.0,90.0,,,,,,,,,,,,,,,,,,,,
,,,,,,,,,,,,,,,,,,,,,,,,,,,,,,,,,,,,,,,,,,,,,,,,,,,,,,,,,,,,,,,,,,,,,,279.0,0.0,2.0,0.7414000000000001,-0.007047619,0.9233116508,36.096,0.0989,0.0,60.0,,,,,,,,,,,,,,,,,,,,
,,,,,,,,,,,,,,,,,,,,,,,,,,,,,,,,,,,,,,,,,,,,,,,,,,,,,,,,,,,,,,,,,,,,,,400.0,0.0,1.0,0.7771,0.117454955,0.9143848419,26.81,0.0168,0.0204081632653061,70.0,,,,,,,,,,,,,,,,,,,,
,,,,,,,,,,,,,,,,,,,,,,,,,,,,,,,,,,,,,,,,,,,,,,,,,,,,,,,,,,,,,,,,,,,,,,589.0,0.0,0.0,0.7586,0.0382204397,0.9288258553,45.76,0.2561,0.0096153846153845,80.0,,,,,,,,,,,,,,,,,,,,
,,,,,,,,,,,,,,,,,,,,,,,,,,,,,,,,,,,,,,,,,,,,,,,,,,,,,,,,,,,,,,,,,,,,,,567.0,0.0,0.0,0.7308,0.0892117117,0.9616214633,50.3623,0.0364,0.0,75.0,,,,,,,,,,,,,,,,,,,,
,,,,,,,,,,,,,,,,,,,,,,,,,,,,,,,,,,,,,,,,,,,,,,,,,,,,,,,,,,,,,,,,,,,,,,310.0,0.0,2.0,0.8356,0.1883953168,0.940164268,9.2899,0.068,0.0,65.0,,,,,,,,,,,,,,,,,,,,
,,,,,,,,,,,,,,,,,,,,,,,,,,,,,,,,,,,,,,,,,,,,,,,,,,,,,,,,,,,,,,,,,,,,,,504.0,9.0,6.0,0.8115,0.128375,0.8943301439,37.0,0.2561,0.0099009900990099,90.0,,,,,,,,,,,,,,,,,,,,
,,,,,,,,,,,,,,,,,,,,,,,,,,,,,,,,,,,,,,,,,,,,,,,,,,,,,,,,,,,,,,,,,,,,,,439.0,0.0,1.0,0.805,0.1733333333,0.9432629347,29.79,0.0613,0.01,75.0,,,,,,,,,,,,,,,,,,,,
,,,,,,,,,,,,,,,,,,,,,,,,,,,,,,,,,,,,,,,,,,,,,,,,,,,,,,,,,,,,,,,,,,,,,,574.0,0.0,2.0,0.7688,0.1598682477,0.9022762775,44.24,0.3172,0.0106382978723403,100.0,,,,,,,,,,,,,,,,,,,,
,,,,,,,,,,,,,,,,,,,,,,,,,,,,,,,,,,,,,,,,,,,,,,,,,,,,,,,,,,,,,,,,,,,,,,240.0,0.0,1.0,0.8148000000000001,0.1232647908,0.8709654808,48.3728,0.1041,0.0396039603960396,50.0,,,,,,,,,,,,,,,,,,,,
,,,,,,,,,,,,,,,,,,,,,,,,,,,,,,,,,,,,,,,,,,,,,,,,,,,,,,,,,,,,,,,,,,,,,,832.0,9.0,10.0,0.7234,0.1063169287,0.8891925216000001,50.6545,0.1044,0.0113636363636363,95.0,,,,,,,,,,,,,,,,,,,,
,,,,,,,,,,,,,,,,,,,,,,,,,,,,,,,,,,,,,,,,,,,,,,,,,,,,,,,,,,,,,,,,,,,,,,323.0,0.0,0.0,0.8307,0.1109072872,0.9276382923,40.2727,0.7142000000000001,0.0099009900990099,75.0,,,,,,,,,,,,,,,,,,,,
,,,,,,,,,,,,,,,,,,,,,,,,,,,,,,,,,,,,,,,,,,,,,,,,,,,,,,,,,,,,,,,,,,,,,,249.0,0.0,2.0,0.7907000000000001,0.0816707718,0.8509092927,23.16,0.0999,0.0108695652173913,50.0,,,,,,,,,,,,,,,,,,,,
,,,,,,,,,,,,,,,,,,,,,,,,,,,,,,,,,,,,,,,,,,,,,,,,,,,,,,,,,,,,,,,,,,,,,,211.0,0.0,0.0,0.7887000000000001,0.0501683502,0.8836317062,39.2829,0.1199,0.0097087378640776,60.0,,,,,,,,,,,,,,,,,,,,
,,,,,,,,,,,,,,,,,,,,,,,,,,,,,,,,,,,,,,,,,,,,,,,,,,,,,,,,,,,,,,,,,,,,,,250.0,2.0,7.0,0.7703,0.1869565217,0.9012311697,58.8964,0.1509,0.0,40.0,,,,,,,,,,,,,,,,,,,,
,,,,,,,,,,,,,,,,,,,,,,,,,,,,,,,,,,,,,,,,,,,,,,,,,,,,,,,,,,,,,,,,,,,,,,373.0,0.0,1.0,0.7553000000000001,0.143034188,0.8884497881000001,33.54,0.063,0.0,70.0,,,,,,,,,,,,,,,,,,,,
,,,,,,,,,,,,,,,,,,,,,,,,,,,,,,,,,,,,,,,,,,,,,,,,,,,,,,,,,,,,,,,,,,,,,,67.0,0.0,0.0,0.8271000000000001,0.0641666667,0.5431773663,3.63,0.0999,0.0,50.0,,,,,,,,,,,,,,,,,,,,
,,,,,,,,,,,,,,,,,,,,,,,,,,,,,,,,,,,,,,,,,,,,,,,,,,,,,,,,,,,,,,,,,,,,,,543.0,1.0,0.0,0.7686000000000001,-0.0501133787,0.9209131598,38.15,0.1213,0.0,30.0,,,,,,,,,,,,,,,,,,,,
,,,,,,,,,,,,,,,,,,,,,,,,,,,,,,,,,,,,,,,,,,,,,,,,,,,,,,,,,,,,,,,,,,,,,,513.0,0.0,8.0,0.7682,0.1505058522,0.9512968659,35.9958,0.3011,0.0,85.0,,,,,,,,,,,,,,,,,,,,
,,,,,,,,,,,,,,,,,,,,,,,,,,,,,,,,,,,,,,,,,,,,,,,,,,,,,,,,,,,,,,,,,,,,,,445.0,0.0,8.0,0.7757000000000001,0.0692361402,0.9179714322,34.7577,0.5423,0.0106382978723403,66.0,,,,,,,,,,,,,,,,,,,,
,,,,,,,,,,,,,,,,,,,,,,,,,,,,,,,,,,,,,,,,,,,,,,,,,,,,,,,,,,,,,,,,,,,,,,589.0,0.0,9.0,0.7455,0.1621666667,0.8303694725,49.72,0.2777,0.0,85.0,,,,,,,,,,,,,,,,,,,,
,,,,,,,,,,,,,,,,,,,,,,,,,,,,,,,,,,,,,,,,,,,,,,,,,,,,,,,,,,,,,,,,,,,,,,189.0,0.0,0.0,0.788,0.1475,0.8788239360000001,47.52,0.8501000000000001,0.0092592592592593,60.0,,,,,,,,,,,,,,,,,,,,
,,,,,,,,,,,,,,,,,,,,,,,,,,,,,,,,,,,,,,,,,,,,,,,,,,,,,,,,,,,,,,,,,,,,,,368.0,0.0,0.0,0.7586,0.1137681159,0.8986416459000001,48.6,0.0845,0.0,90.0,,,,,,,,,,,,,,,,,,,,
,,,,,,,,,,,,,,,,,,,,,,,,,,,,,,,,,,,,,,,,,,,,,,,,,,,,,,,,,,,,,,,,,,,,,,1049.0,3.0,1.0,0.7569,0.0961049107,0.8967276216000001,44.85,0.8064,0.0309278350515463,88.0,,,,,,,,,,,,,,,,,,,,
,,,,,,,,,,,,,,,,,,,,,,,,,,,,,,,,,,,,,,,,,,,,,,,,,,,,,,,,,,,,,,,,,,,,,,415.0,0.0,11.0,0.8258000000000001,0.0130782313,0.8142668009,31.7369,0.0535,0.0,80.0,,,,,,,,,,,,,,,,,,,,
,,,,,,,,,,,,,,,,,,,,,,,,,,,,,,,,,,,,,,,,,,,,,,,,,,,,,,,,,,,,,,,,,,,,,,156.0,0.0,0.0,0.7433000000000001,0.1770634921,0.8554611802000001,45.59,0.088,0.0109890109890109,50.0,,,,,,,,,,,,,,,,,,,,
,,,,,,,,,,,,,,,,,,,,,,,,,,,,,,,,,,,,,,,,,,,,,,,,,,,,,,,,,,,,,,,,,,,,,,656.0,4.0,2.0,0.7643000000000001,0.1391305916,0.9319424629,50.7302,0.0437,0.0,95.0,,,,,,,,,,,,,,,,,,,,
,,,,,,,,,,,,,,,,,,,,,,,,,,,,,,,,,,,,,,,,,,,,,,,,,,,,,,,,,,,,,,,,,,,,,,448.0,0.0,0.0,0.7433000000000001,0.0980769231,0.9567717314,53.5703,0.1199,0.0,75.0,,,,,,,,,,,,,,,,,,,,
,,,,,,,,,,,,,,,,,,,,,,,,,,,,,,,,,,,,,,,,,,,,,,,,,,,,,,,,,,,,,,,,,,,,,,488.0,0.0,3.0,0.8182,0.0598577236,0.9207384586,34.76,0.0904,0.0,90.0,,,,,,,,,,,,,,,,,,,,
,,,,,,,,,,,,,,,,,,,,,,,,,,,,,,,,,,,,,,,,,,,,,,,,,,,,,,,,,,,,,,,,,,,,,,388.0,0.0,1.0,0.7424000000000001,0.0704212454,0.8556281328,26.5102,0.0999,0.0151515151515151,30.0,,,,,,,,,,,,,,,,,,,,
,,,,,,,,,,,,,,,,,,,,,,,,,,,,,,,,,,,,,,,,,,,,,,,,,,,,,,,,,,,,,,,,,,,,,,796.0,2.0,3.0,0.7691,0.1138926941,0.9224106073,35.7231,0.1932,0.0,100.0,,,,,,,,,,,,,,,,,,,,
,,,,,,,,,,,,,,,,,,,,,,,,,,,,,,,,,,,,,,,,,,,,,,,,,,,,,,,,,,,,,,,,,,,,,,179.0,0.0,0.0,0.7643000000000001,0.0981249999999999,0.9300763607,42.82,0.1953,0.0384615384615384,70.0,,,,,,,,,,,,,,,,,,,,
,,,,,,,,,,,,,,,,,,,,,,,,,,,,,,,,,,,,,,,,,,,,,,,,,,,,,,,,,,,,,,,,,,,,,,272.0,0.0,7.0,0.7208,0.08125,0.8962726593,43.4477,0.3676,0.0,75.0,,,,,,,,,,,,,,,,,,,,
,,,,,,,,,,,,,,,,,,,,,,,,,,,,,,,,,,,,,,,,,,,,,,,,,,,,,,,,,,,,,,,,,,,,,,239.0,0.0,1.0,0.8063,0.1086700337,0.8590922356,35.88,0.0981,0.0,87.0,,,,,,,,,,,,,,,,,,,,
,,,,,,,,,,,,,,,,,,,,,,,,,,,,,,,,,,,,,,,,,,,,,,,,,,,,,,,,,,,,,,,,,,,,,,251.0,0.0,0.0,0.7685000000000001,0.2299744898,0.9208657742,39.2431,0.0945,0.0,55.0,,,,,,,,,,,,,,,,,,,,
,,,,,,,,,,,,,,,,,,,,,,,,,,,,,,,,,,,,,,,,,,,,,,,,,,,,,,,,,,,,,,,,,,,,,,488.0,2.0,5.0,0.7507,0.1071676072,0.9669110179,48.3274,0.1507,0.0112359550561798,60.0,,,,,,,,,,,,,,,,,,,,
,,,,,,,,,,,,,,,,,,,,,,,,,,,,,,,,,,,,,,,,,,,,,,,,,,,,,,,,,,,,,,,,,,,,,,153.0,0.0,1.0,0.8190000000000001,0.0409090909,0.9198144674,44.2428,0.1932,0.0202020202020202,40.0,,,,,,,,,,,,,,,,,,,,
,,,,,,,,,,,,,,,,,,,,,,,,,,,,,,,,,,,,,,,,,,,,,,,,,,,,,,,,,,,,,,,,,,,,,,300.0,1.0,5.0,0.7826000000000001,0.0875,0.8844751120000001,42.5738,0.0613,0.0,68.0,,,,,,,,,,,,,,,,,,,,
,,,,,,,,,,,,,,,,,,,,,,,,,,,,,,,,,,,,,,,,,,,,,,,,,,,,,,,,,,,,,,,,,,,,,,273.0,0.0,5.0,0.7173,0.1245098039,0.8775630593,22.7412,0.0999,0.0,80.0,,,,,,,,,,,,,,,,,,,,
,,,,,,,,,,,,,,,,,,,,,,,,,,,,,,,,,,,,,,,,,,,,,,,,,,,,,,,,,,,,,,,,,,,,,,269.0,0.0,1.0,0.7182000000000001,0.0411458333,0.8982758522000001,39.2762,0.1163,0.0,64.0,,,,,,,,,,,,,,,,,,,,
,,,,,,,,,,,,,,,,,,,,,,,,,,,,,,,,,,,,,,,,,,,,,,,,,,,,,,,,,,,,,,,,,,,,,,585.0,0.0,8.0,0.7803,0.1055805306,0.8540630937,40.5795,0.11,0.0,80.0,,,,,,,,,,,,,,,,,,,,
,,,,,,,,,,,,,,,,,,,,,,,,,,,,,,,,,,,,,,,,,,,,,,,,,,,,,,,,,,,,,,,,,,,,,,603.0,0.0,0.0,0.716,0.1269510582,0.8272995353,44.5054,0.4643,0.0,80.0,,,,,,,,,,,,,,,,,,,,
,,,,,,,,,,,,,,,,,,,,,,,,,,,,,,,,,,,,,,,,,,,,,,,,,,,,,,,,,,,,,,,,,,,,,,220.0,0.0,1.0,0.7723,0.1663711289,0.7168864608000001,29.79,0.1953,0.0096153846153845,80.0,,,,,,,,,,,,,,,,,,,,
,,,,,,,,,,,,,,,,,,,,,,,,,,,,,,,,,,,,,,,,,,,,,,,,,,,,,,,,,,,,,,,,,,,,,,173.0,0.0,2.0,0.7644000000000001,0.1020337302,0.8797743320000001,19.2375,0.2191,0.0,40.0,,,,,,,,,,,,,,,,,,,,
,,,,,,,,,,,,,,,,,,,,,,,,,,,,,,,,,,,,,,,,,,,,,,,,,,,,,,,,,,,,,,,,,,,,,,257.0,0.0,0.0,0.7855000000000001,0.2496247619,0.9288473129,32.83,0.1858,0.0,80.0,,,,,,,,,,,,,,,,,,,,
,,,,,,,,,,,,,,,,,,,,,,,,,,,,,,,,,,,,,,,,,,,,,,,,,,,,,,,,,,,,,,,,,,,,,,358.0,2.0,7.0,0.746,0.1578253119,0.9263672829,32.9482,0.1262,0.0188679245283018,75.0,,,,,,,,,,,,,,,,,,,,
,,,,,,,,,,,,,,,,,,,,,,,,,,,,,,,,,,,,,,,,,,,,,,,,,,,,,,,,,,,,,,,,,,,,,,448.0,0.0,0.0,0.7433000000000001,0.0980769231,0.9567717314,53.5703,0.1199,0.0,80.0,,,,,,,,,,,,,,,,,,,,
,,,,,,,,,,,,,,,,,,,,,,,,,,,,,,,,,,,,,,,,,,,,,,,,,,,,,,,,,,,,,,,,,,,,,,457.0,0.0,1.0,0.7362000000000001,0.1312373737,0.8965256214,45.96,0.1879,0.0,90.0,,,,,,,,,,,,,,,,,,,,
,,,,,,,,,,,,,,,,,,,,,,,,,,,,,,,,,,,,,,,,,,,,,,,,,,,,,,,,,,,,,,,,,,,,,,297.0,0.0,1.0,0.765,0.2096153846,0.8910351992000001,33.14,0.2025,0.0097087378640776,60.0,,,,,,,,,,,,,,,,,,,,
,,,,,,,,,,,,,,,,,,,,,,,,,,,,,,,,,,,,,,,,,,,,,,,,,,,,,,,,,,,,,,,,,,,,,,205.0,0.0,2.0,0.787,0.1207251082,0.8797656298000001,36.2535,0.2573,0.0120481927710843,70.0,,,,,,,,,,,,,,,,,,,,
,,,,,,,,,,,,,,,,,,,,,,,,,,,,,,,,,,,,,,,,,,,,,,,,,,,,,,,,,,,,,,,,,,,,,,,,,,,,,,,,432.0,8.0,14.0,0.7996000000000001,0.1588311688,0.8829935789000001,31.9755,0.1565,0.0,86.0,,,,,,,,,,
,,,,,,,,,,,,,,,,,,,,,,,,,,,,,,,,,,,,,,,,,,,,,,,,,,,,,,,,,,,,,,,,,,,,,,,,,,,,,,,,170.0,0.0,0.0,0.799,0.32,0.9384971857,30.7103,0.1149,0.0112359550561798,60.0,,,,,,,,,,
,,,,,,,,,,,,,,,,,,,,,,,,,,,,,,,,,,,,,,,,,,,,,,,,,,,,,,,,,,,,,,,,,,,,,,,,,,,,,,,,489.0,2.0,6.0,0.7931,0.0741489571,0.8583066463000001,34.6703,0.1939,0.0,80.0,,,,,,,,,,
,,,,,,,,,,,,,,,,,,,,,,,,,,,,,,,,,,,,,,,,,,,,,,,,,,,,,,,,,,,,,,,,,,,,,,,,,,,,,,,,264.0,1.0,6.0,0.7512000000000001,0.1625,0.8653070927000001,41.1434,0.2429,0.0,80.0,,,,,,,,,,
,,,,,,,,,,,,,,,,,,,,,,,,,,,,,,,,,,,,,,,,,,,,,,,,,,,,,,,,,,,,,,,,,,,,,,,,,,,,,,,,846.0,0.0,5.0,0.8399000000000001,0.0270478841,0.9130145311,49.8575,0.5586,0.0,90.0,,,,,,,,,,
,,,,,,,,,,,,,,,,,,,,,,,,,,,,,,,,,,,,,,,,,,,,,,,,,,,,,,,,,,,,,,,,,,,,,,,,,,,,,,,,619.0,0.0,7.0,0.7891,0.1001929392,0.9119418859,46.7646,0.6521,0.0,95.0,,,,,,,,,,
,,,,,,,,,,,,,,,,,,,,,,,,,,,,,,,,,,,,,,,,,,,,,,,,,,,,,,,,,,,,,,,,,,,,,,,,,,,,,,,,363.0,0.0,1.0,0.7939,0.0286027569,0.9569676518,26.5652,0.0354,0.0,60.0,,,,,,,,,,
,,,,,,,,,,,,,,,,,,,,,,,,,,,,,,,,,,,,,,,,,,,,,,,,,,,,,,,,,,,,,,,,,,,,,,,,,,,,,,,,286.0,0.0,9.0,0.6966,0.05234375,0.8311564326,75.1547,0.0795,0.0093457943925233,75.0,,,,,,,,,,
,,,,,,,,,,,,,,,,,,,,,,,,,,,,,,,,,,,,,,,,,,,,,,,,,,,,,,,,,,,,,,,,,,,,,,,,,,,,,,,,606.0,0.0,1.0,0.7883,0.0970054945,0.9262039661,35.37,0.2663,0.0108695652173913,75.0,,,,,,,,,,
,,,,,,,,,,,,,,,,,,,,,,,,,,,,,,,,,,,,,,,,,,,,,,,,,,,,,,,,,,,,,,,,,,,,,,,,,,,,,,,,804.0,0.0,2.0,0.7587,0.0818121949,0.9000478983,48.54,0.1386,0.0103092783505154,82.0,,,,,,,,,,
,,,,,,,,,,,,,,,,,,,,,,,,,,,,,,,,,,,,,,,,,,,,,,,,,,,,,,,,,,,,,,,,,,,,,,,,,,,,,,,,530.0,0.0,8.0,0.7692,0.0861568987,0.908143878,45.0589,0.2111,0.0,90.0,,,,,,,,,,
,,,,,,,,,,,,,,,,,,,,,,,,,,,,,,,,,,,,,,,,,,,,,,,,,,,,,,,,,,,,,,,,,,,,,,,,,,,,,,,,295.0,1.0,2.0,0.6443,0.0658666667,0.9451859593,42.8963,0.1041,0.0,75.0,,,,,,,,,,
,,,,,,,,,,,,,,,,,,,,,,,,,,,,,,,,,,,,,,,,,,,,,,,,,,,,,,,,,,,,,,,,,,,,,,,,,,,,,,,,97.0,0.0,0.0,0.8150000000000001,0.0756410256,0.8799487948,35.4172,0.143,0.0238095238095238,60.0,,,,,,,,,,
,,,,,,,,,,,,,,,,,,,,,,,,,,,,,,,,,,,,,,,,,,,,,,,,,,,,,,,,,,,,,,,,,,,,,,,,,,,,,,,,451.0,0.0,0.0,0.7092,0.0572761905,0.9466682673,58.3546,0.2653,0.0117647058823529,80.0,,,,,,,,,,
,,,,,,,,,,,,,,,,,,,,,,,,,,,,,,,,,,,,,,,,,,,,,,,,,,,,,,,,,,,,,,,,,,,,,,,,,,,,,,,,373.0,0.0,0.0,0.6032000000000001,0.2165811966,0.8789499998,50.16,0.2707,0.0,90.0,,,,,,,,,,
,,,,,,,,,,,,,,,,,,,,,,,,,,,,,,,,,,,,,,,,,,,,,,,,,,,,,,,,,,,,,,,,,,,,,,,,,,,,,,,,177.0,0.0,0.0,0.7476,0.0902777778,0.9656246901,36.59,0.1376,0.0196078431372549,30.0,,,,,,,,,,
,,,,,,,,,,,,,,,,,,,,,,,,,,,,,,,,,,,,,,,,,,,,,,,,,,,,,,,,,,,,,,,,,,,,,,,,,,,,,,,,255.0,1.0,1.0,0.7795000000000001,0.1264492754,0.8444064856,34.76,0.9417,0.0,20.0,,,,,,,,,,
,,,,,,,,,,,,,,,,,,,,,,,,,,,,,,,,,,,,,,,,,,,,,,,,,,,,,,,,,,,,,,,,,,,,,,,,,,,,,,,,665.0,4.0,9.0,0.803,0.1443889444,0.8987319469,46.27,0.0376,0.0104166666666666,80.0,,,,,,,,,,
,,,,,,,,,,,,,,,,,,,,,,,,,,,,,,,,,,,,,,,,,,,,,,,,,,,,,,,,,,,,,,,,,,,,,,,,,,,,,,,,402.0,0.0,4.0,0.7103,0.0851666667,0.9396833777,55.0423,0.0831,0.0,75.0,,,,,,,,,,
,,,,,,,,,,,,,,,,,,,,,,,,,,,,,,,,,,,,,,,,,,,,,,,,,,,,,,,,,,,,,,,,,,,,,,,,,,,,,,,,351.0,6.0,2.0,0.6994,0.0870238095,0.9289754629,50.1232,0.1262,0.0,75.0,,,,,,,,,,
,,,,,,,,,,,,,,,,,,,,,,,,,,,,,,,,,,,,,,,,,,,,,,,,,,,,,,,,,,,,,,,,,,,,,,,,,,,,,,,,399.0,0.0,0.0,0.8320000000000001,0.1665223665,0.9278346896,43.6593,0.11,0.0114942528735632,85.0,,,,,,,,,,
,,,,,,,,,,,,,,,,,,,,,,,,,,,,,,,,,,,,,,,,,,,,,,,,,,,,,,,,,,,,,,,,,,,,,,,,,,,,,,,,463.0,3.0,1.0,0.8174,0.100393028,0.9493124485,43.6879,0.1933,0.0,50.0,,,,,,,,,,
,,,,,,,,,,,,,,,,,,,,,,,,,,,,,,,,,,,,,,,,,,,,,,,,,,,,,,,,,,,,,,,,,,,,,,,,,,,,,,,,552.0,1.0,5.0,0.7843,0.0252862729,0.9223957062,32.7,0.1431,0.0,70.0,,,,,,,,,,
,,,,,,,,,,,,,,,,,,,,,,,,,,,,,,,,,,,,,,,,,,,,,,,,,,,,,,,,,,,,,,,,,,,,,,,,,,,,,,,,323.0,10.0,9.0,0.7885000000000001,0.0493421053,0.9271934032,28.2965,0.1858,0.0,70.0,,,,,,,,,,
,,,,,,,,,,,,,,,,,,,,,,,,,,,,,,,,,,,,,,,,,,,,,,,,,,,,,,,,,,,,,,,,,,,,,,,,,,,,,,,,273.0,0.0,5.0,0.7173,0.1245098039,0.8775630593,22.7412,0.0999,0.0,76.0,,,,,,,,,,
,,,,,,,,,,,,,,,,,,,,,,,,,,,,,,,,,,,,,,,,,,,,,,,,,,,,,,,,,,,,,,,,,,,,,,,,,,,,,,,,415.0,0.0,5.0,0.7924,0.0957478632,0.8365457058,26.0033,0.2025,0.0,80.0,,,,,,,,,,
,,,,,,,,,,,,,,,,,,,,,,,,,,,,,,,,,,,,,,,,,,,,,,,,,,,,,,,,,,,,,,,,,,,,,,,,,,,,,,,,282.0,0.0,2.0,0.7676000000000001,0.0099206349,0.7749239206,41.0469,0.1262,0.0246913580246913,40.0,,,,,,,,,,
,,,,,,,,,,,,,,,,,,,,,,,,,,,,,,,,,,,,,,,,,,,,,,,,,,,,,,,,,,,,,,,,,,,,,,,,,,,,,,,,757.0,0.0,2.0,0.7928000000000001,0.0294517671,0.8858969212000001,42.5887,0.1507,0.0,90.0,,,,,,,,,,
,,,,,,,,,,,,,,,,,,,,,,,,,,,,,,,,,,,,,,,,,,,,,,,,,,,,,,,,,,,,,,,,,,,,,,,,,,,,,,,,568.0,0.0,0.0,0.7098,0.067958153,0.9277796745,56.0736,0.2552,0.0,90.0,,,,,,,,,,
,,,,,,,,,,,,,,,,,,,,,,,,,,,,,,,,,,,,,,,,,,,,,,,,,,,,,,,,,,,,,,,,,,,,,,,,,,,,,,,,283.0,4.0,5.0,0.8172,0.0279545455,0.9102016687,38.8176,0.049,0.0,86.0,,,,,,,,,,
,,,,,,,,,,,,,,,,,,,,,,,,,,,,,,,,,,,,,,,,,,,,,,,,,,,,,,,,,,,,,,,,,,,,,,,,,,,,,,,,503.0,0.0,0.0,0.806,0.1353869896,0.8656298518000001,46.06,0.1441,0.0,70.0,,,,,,,,,,
,,,,,,,,,,,,,,,,,,,,,,,,,,,,,,,,,,,,,,,,,,,,,,,,,,,,,,,,,,,,,,,,,,,,,,,,,,,,,,,,533.0,1.0,0.0,0.7521,0.0431166056,0.9522576332,40.3366,0.5388000000000001,0.0,100.0,,,,,,,,,,
,,,,,,,,,,,,,,,,,,,,,,,,,,,,,,,,,,,,,,,,,,,,,,,,,,,,,,,,,,,,,,,,,,,,,,,,,,,,,,,,270.0,6.0,7.0,0.776,0.1943277311,0.9432914257,34.3667,0.1719,0.0,55.0,,,,,,,,,,
,,,,,,,,,,,,,,,,,,,,,,,,,,,,,,,,,,,,,,,,,,,,,,,,,,,,,,,,,,,,,,,,,,,,,,,,,,,,,,,,244.0,0.0,0.0,0.8079000000000001,0.069039294,0.8534755111000001,19.13,0.1969,0.0196078431372549,70.0,,,,,,,,,,
,,,,,,,,,,,,,,,,,,,,,,,,,,,,,,,,,,,,,,,,,,,,,,,,,,,,,,,,,,,,,,,,,,,,,,,,,,,,,,,,295.0,0.0,1.0,0.7624000000000001,0.0951298701,0.9247617126,22.886,0.068,0.010204081632653,65.0,,,,,,,,,,
,,,,,,,,,,,,,,,,,,,,,,,,,,,,,,,,,,,,,,,,,,,,,,,,,,,,,,,,,,,,,,,,,,,,,,,,,,,,,,,,1480.0,0.0,0.0,0.8076,0.0647396694,0.8674352765000001,18.1151,0.1211,0.0,40.0,,,,,,,,,,
,,,,,,,,,,,,,,,,,,,,,,,,,,,,,,,,,,,,,,,,,,,,,,,,,,,,,,,,,,,,,,,,,,,,,,,,,,,,,,,,194.0,0.0,1.0,0.799,0.0097222222,0.957269609,33.5689,0.1249,0.0,60.0,,,,,,,,,,
,,,,,,,,,,,,,,,,,,,,,,,,,,,,,,,,,,,,,,,,,,,,,,,,,,,,,,,,,,,,,,,,,,,,,,,,,,,,,,,,306.0,0.0,0.0,0.7937000000000001,0.1962643678,0.8283587694000001,32.33,0.1695,0.0,50.0,,,,,,,,,,
,,,,,,,,,,,,,,,,,,,,,,,,,,,,,,,,,,,,,,,,,,,,,,,,,,,,,,,,,,,,,,,,,,,,,,,,,,,,,,,,240.0,3.0,2.0,0.8317,0.1780952381,0.9082451463,39.297,0.12,0.009090909090909,70.0,,,,,,,,,,
,,,,,,,,,,,,,,,,,,,,,,,,,,,,,,,,,,,,,,,,,,,,,,,,,,,,,,,,,,,,,,,,,,,,,,,,,,,,,,,,596.0,0.0,0.0,0.683,0.202417328,0.8967891932000001,52.39,0.1199,0.0,75.0,,,,,,,,,,
,,,,,,,,,,,,,,,,,,,,,,,,,,,,,,,,,,,,,,,,,,,,,,,,,,,,,,,,,,,,,,,,,,,,,,,,,,,,,,,,368.0,0.0,6.0,0.788,0.1220982143,0.9327940345,14.7437,0.0999,0.0,60.0,,,,,,,,,,
,,,,,,,,,,,,,,,,,,,,,,,,,,,,,,,,,,,,,,,,,,,,,,,,,,,,,,,,,,,,,,,,,,,,,,,,,,,,,,,,376.0,0.0,1.0,0.7963,0.1586038961,0.9027335644,33.68,0.1443,0.0,70.0,,,,,,,,,,
,,,,,,,,,,,,,,,,,,,,,,,,,,,,,,,,,,,,,,,,,,,,,,,,,,,,,,,,,,,,,,,,,,,,,,,,,,,,,,,,176.0,5.0,1.0,0.8331000000000001,0.2364035088,0.7975381613,44.2552,0.0529,0.021978021978022,30.0,,,,,,,,,,
,,,,,,,,,,,,,,,,,,,,,,,,,,,,,,,,,,,,,,,,,,,,,,,,,,,,,,,,,,,,,,,,,,,,,,,,,,,,,,,,490.0,0.0,1.0,0.7868,0.118260582,0.9205379486,43.12,0.8817,0.010204081632653,95.0,,,,,,,,,,
,,,,,,,,,,,,,,,,,,,,,,,,,,,,,,,,,,,,,,,,,,,,,,,,,,,,,,,,,,,,,,,,,,,,,,,,,,,,,,,,170.0,0.0,0.0,0.799,0.32,0.9384971857,30.7103,0.1149,0.0112359550561798,40.0,,,,,,,,,,
,,,,,,,,,,,,,,,,,,,,,,,,,,,,,,,,,,,,,,,,,,,,,,,,,,,,,,,,,,,,,,,,,,,,,,,,,,,,,,,,62.0,0.0,0.0,0.7567,0.1869047619,0.9115282297,40.0587,0.038,0.032258064516129,20.0,,,,,,,,,,
,,,,,,,,,,,,,,,,,,,,,,,,,,,,,,,,,,,,,,,,,,,,,,,,,,,,,,,,,,,,,,,,,,,,,,,,,,,,,,,,538.0,8.0,0.0,0.7688,0.1518897769,0.9437077045,40.6613,0.1647,0.0,80.0,,,,,,,,,,
,,,,,,,,,,,,,,,,,,,,,,,,,,,,,,,,,,,,,,,,,,,,,,,,,,,,,,,,,,,,,,,,,,,,,,,,,,,,,,,,530.0,0.0,0.0,0.7574000000000001,0.2457885305,0.910656333,51.3527,0.0866,0.0123456790123457,80.0,,,,,,,,,,
,,,,,,,,,,,,,,,,,,,,,,,,,,,,,,,,,,,,,,,,,,,,,,,,,,,,,,,,,,,,,,,,,,,,,,,,,,,,,,,,159.0,0.0,5.0,0.776,0.2238095238,0.8488740325,32.7117,0.1695,0.0,60.0,,,,,,,,,,
,,,,,,,,,,,,,,,,,,,,,,,,,,,,,,,,,,,,,,,,,,,,,,,,,,,,,,,,,,,,,,,,,,,,,,,,,,,,,,,,603.0,0.0,1.0,0.7697,0.1625646946,0.8846502304,48.84,0.11,0.0,70.0,,,,,,,,,,
,,,,,,,,,,,,,,,,,,,,,,,,,,,,,,,,,,,,,,,,,,,,,,,,,,,,,,,,,,,,,,,,,,,,,,,,,,,,,,,,,,,,,,,,,,496.0,0.0,0.0,0.7682,0.1549267161,0.9152074456,38.4364,0.3761,0.0,80.0
,,,,,,,,,,,,,,,,,,,,,,,,,,,,,,,,,,,,,,,,,,,,,,,,,,,,,,,,,,,,,,,,,,,,,,,,,,,,,,,,,,,,,,,,,,625.0,0.0,0.0,0.7487,0.1723163098,0.9095818996,51.6761,0.1355,0.0104166666666666,70.0
,,,,,,,,,,,,,,,,,,,,,,,,,,,,,,,,,,,,,,,,,,,,,,,,,,,,,,,,,,,,,,,,,,,,,,,,,,,,,,,,,,,,,,,,,,1254.0,27.0,37.0,0.7999,0.069050849,0.8986387253,47.6556,0.1651,0.0,80.0
,,,,,,,,,,,,,,,,,,,,,,,,,,,,,,,,,,,,,,,,,,,,,,,,,,,,,,,,,,,,,,,,,,,,,,,,,,,,,,,,,,,,,,,,,,480.0,23.0,0.0,0.8239000000000001,0.0002152802,0.9607024193,33.101,0.4351,0.0,85.0
,,,,,,,,,,,,,,,,,,,,,,,,,,,,,,,,,,,,,,,,,,,,,,,,,,,,,,,,,,,,,,,,,,,,,,,,,,,,,,,,,,,,,,,,,,313.0,0.0,2.0,0.7000000000000001,0.0809294872,0.8764749765000001,48.5775,0.0354,0.0,60.0
,,,,,,,,,,,,,,,,,,,,,,,,,,,,,,,,,,,,,,,,,,,,,,,,,,,,,,,,,,,,,,,,,,,,,,,,,,,,,,,,,,,,,,,,,,1775.0,1.0,3.0,0.8027000000000001,0.1066198131,0.8703778982,35.17,0.2522,0.0096153846153845,84.0
,,,,,,,,,,,,,,,,,,,,,,,,,,,,,,,,,,,,,,,,,,,,,,,,,,,,,,,,,,,,,,,,,,,,,,,,,,,,,,,,,,,,,,,,,,297.0,0.0,4.0,0.7494000000000001,0.1261494253,0.8708613515,39.3404,0.0622,0.0,50.0
,,,,,,,,,,,,,,,,,,,,,,,,,,,,,,,,,,,,,,,,,,,,,,,,,,,,,,,,,,,,,,,,,,,,,,,,,,,,,,,,,,,,,,,,,,146.0,0.0,0.0,0.8156,0.0443027211,0.5150036812000001,17.51,0.2025,0.01,45.0
,,,,,,,,,,,,,,,,,,,,,,,,,,,,,,,,,,,,,,,,,,,,,,,,,,,,,,,,,,,,,,,,,,,,,,,,,,,,,,,,,,,,,,,,,,760.0,6.0,2.0,0.7905000000000001,0.1027398502,0.92895329,29.4355,0.8077000000000001,0.0106382978723403,90.0
,,,,,,,,,,,,,,,,,,,,,,,,,,,,,,,,,,,,,,,,,,,,,,,,,,,,,,,,,,,,,,,,,,,,,,,,,,,,,,,,,,,,,,,,,,336.0,1.0,1.0,0.7858,-0.0031249999999999,0.9255634546,38.1278,0.0945,0.0,80.0
,,,,,,,,,,,,,,,,,,,,,,,,,,,,,,,,,,,,,,,,,,,,,,,,,,,,,,,,,,,,,,,,,,,,,,,,,,,,,,,,,,,,,,,,,,77.0,0.0,0.0,0.6818000000000001,0.225,0.8406752348000001,47.99,0.7822,0.0129870129870129,45.0
,,,,,,,,,,,,,,,,,,,,,,,,,,,,,,,,,,,,,,,,,,,,,,,,,,,,,,,,,,,,,,,,,,,,,,,,,,,,,,,,,,,,,,,,,,174.0,0.0,0.0,0.7846000000000001,0.0049242424,0.9568377137,38.6381,0.0999,0.0,45.0
,,,,,,,,,,,,,,,,,,,,,,,,,,,,,,,,,,,,,,,,,,,,,,,,,,,,,,,,,,,,,,,,,,,,,,,,,,,,,,,,,,,,,,,,,,322.0,0.0,3.0,0.7616,0.0912608225,0.9197995663,45.357,0.1229,0.0,62.0
,,,,,,,,,,,,,,,,,,,,,,,,,,,,,,,,,,,,,,,,,,,,,,,,,,,,,,,,,,,,,,,,,,,,,,,,,,,,,,,,,,,,,,,,,,348.0,6.0,2.0,0.7203,0.2028409091,0.9569439292,33.1417,0.2025,0.0,75.0
,,,,,,,,,,,,,,,,,,,,,,,,,,,,,,,,,,,,,,,,,,,,,,,,,,,,,,,,,,,,,,,,,,,,,,,,,,,,,,,,,,,,,,,,,,257.0,0.0,0.0,0.7852,0.1634920635,0.9249551296,34.3764,0.063,0.0,70.0
,,,,,,,,,,,,,,,,,,,,,,,,,,,,,,,,,,,,,,,,,,,,,,,,,,,,,,,,,,,,,,,,,,,,,,,,,,,,,,,,,,,,,,,,,,249.0,0.0,0.0,0.7824,0.1728084416,0.9072981477,51.1531,0.195,0.0,85.0
,,,,,,,,,,,,,,,,,,,,,,,,,,,,,,,,,,,,,,,,,,,,,,,,,,,,,,,,,,,,,,,,,,,,,,,,,,,,,,,,,,,,,,,,,,375.0,0.0,6.0,0.8073,0.0376226551,0.9388657212,44.5033,0.3634,0.0246913580246913,55.0
,,,,,,,,,,,,,,,,,,,,,,,,,,,,,,,,,,,,,,,,,,,,,,,,,,,,,,,,,,,,,,,,,,,,,,,,,,,,,,,,,,,,,,,,,,503.0,0.0,0.0,0.806,0.1353869896,0.8656298518000001,46.06,0.1441,0.0,70.0
,,,,,,,,,,,,,,,,,,,,,,,,,,,,,,,,,,,,,,,,,,,,,,,,,,,,,,,,,,,,,,,,,,,,,,,,,,,,,,,,,,,,,,,,,,623.0,1.0,0.0,0.7832,0.159952381,0.8893129826,46.67,0.0622,0.0,91.0
,,,,,,,,,,,,,,,,,,,,,,,,,,,,,,,,,,,,,,,,,,,,,,,,,,,,,,,,,,,,,,,,,,,,,,,,,,,,,,,,,,,,,,,,,,464.0,1.0,0.0,0.8128000000000001,0.0626930502,0.9306222796,36.49,0.3587,0.0,78.0
,,,,,,,,,,,,,,,,,,,,,,,,,,,,,,,,,,,,,,,,,,,,,,,,,,,,,,,,,,,,,,,,,,,,,,,,,,,,,,,,,,,,,,,,,,1579.0,2.0,0.0,0.7693,0.0803761668,0.9137273431,35.78,0.2889,0.0,97.0
,,,,,,,,,,,,,,,,,,,,,,,,,,,,,,,,,,,,,,,,,,,,,,,,,,,,,,,,,,,,,,,,,,,,,,,,,,,,,,,,,,,,,,,,,,340.0,0.0,0.0,0.5979,0.2309057971,0.8343361616,45.8,0.402,0.0,90.0
,,,,,,,,,,,,,,,,,,,,,,,,,,,,,,,,,,,,,,,,,,,,,,,,,,,,,,,,,,,,,,,,,,,,,,,,,,,,,,,,,,,,,,,,,,338.0,0.0,3.0,0.7796000000000001,0.070045045,0.7844375968,40.24,0.4299,0.0109890109890109,65.0
,,,,,,,,,,,,,,,,,,,,,,,,,,,,,,,,,,,,,,,,,,,,,,,,,,,,,,,,,,,,,,,,,,,,,,,,,,,,,,,,,,,,,,,,,,1175.0,2.0,6.0,0.7796000000000001,0.0886058638,0.9329913259,40.4277,0.8137000000000001,0.0106382978723403,70.0
,,,,,,,,,,,,,,,,,,,,,,,,,,,,,,,,,,,,,,,,,,,,,,,,,,,,,,,,,,,,,,,,,,,,,,,,,,,,,,,,,,,,,,,,,,392.0,1.0,1.0,0.7325,0.0553199405,0.9015843272,34.2575,0.1041,0.0106382978723403,70.0
,,,,,,,,,,,,,,,,,,,,,,,,,,,,,,,,,,,,,,,,,,,,,,,,,,,,,,,,,,,,,,,,,,,,,,,,,,,,,,,,,,,,,,,,,,151.0,0.0,6.0,0.7591,0.1863636364,0.9325822592,42.9518,0.0945,0.0,65.0
,,,,,,,,,,,,,,,,,,,,,,,,,,,,,,,,,,,,,,,,,,,,,,,,,,,,,,,,,,,,,,,,,,,,,,,,,,,,,,,,,,,,,,,,,,432.0,8.0,14.0,0.7996000000000001,0.1588311688,0.8829935789000001,31.9755,0.1565,0.0,78.0
,,,,,,,,,,,,,,,,,,,,,,,,,,,,,,,,,,,,,,,,,,,,,,,,,,,,,,,,,,,,,,,,,,,,,,,,,,,,,,,,,,,,,,,,,,510.0,2.0,1.0,0.8132,0.1600292438,0.8966901302,34.7875,0.2889,0.0097087378640776,80.0
,,,,,,,,,,,,,,,,,,,,,,,,,,,,,,,,,,,,,,,,,,,,,,,,,,,,,,,,,,,,,,,,,,,,,,,,,,,,,,,,,,,,,,,,,,715.0,4.0,0.0,0.7708,0.0488907204,0.9305362701,49.31,0.6574,0.0,70.0
,,,,,,,,,,,,,,,,,,,,,,,,,,,,,,,,,,,,,,,,,,,,,,,,,,,,,,,,,,,,,,,,,,,,,,,,,,,,,,,,,,,,,,,,,,507.0,0.0,11.0,0.7986000000000001,0.0256258503,0.9049091339,15.1946,0.1041,0.0210526315789473,80.0
,,,,,,,,,,,,,,,,,,,,,,,,,,,,,,,,,,,,,,,,,,,,,,,,,,,,,,,,,,,,,,,,,,,,,,,,,,,,,,,,,,,,,,,,,,489.0,5.0,6.0,0.8278000000000001,0.1423076923,0.9290834665,31.5291,0.1507,0.0,90.0
,,,,,,,,,,,,,,,,,,,,,,,,,,,,,,,,,,,,,,,,,,,,,,,,,,,,,,,,,,,,,,,,,,,,,,,,,,,,,,,,,,,,,,,,,,344.0,0.0,0.0,0.8049000000000001,0.0822619048,0.9381507635,30.0936,0.3201,0.021978021978022,55.0
,,,,,,,,,,,,,,,,,,,,,,,,,,,,,,,,,,,,,,,,,,,,,,,,,,,,,,,,,,,,,,,,,,,,,,,,,,,,,,,,,,,,,,,,,,308.0,1.0,0.0,0.8316,0.144664903,0.9214063883,32.4666,0.1355,0.0,70.0
,,,,,,,,,,,,,,,,,,,,,,,,,,,,,,,,,,,,,,,,,,,,,,,,,,,,,,,,,,,,,,,,,,,,,,,,,,,,,,,,,,,,,,,,,,174.0,0.0,0.0,0.8164,0.1857843137,0.9288681746,2.31,0.0999,0.0098039215686274,70.0
,,,,,,,,,,,,,,,,,,,,,,,,,,,,,,,,,,,,,,,,,,,,,,,,,,,,,,,,,,,,,,,,,,,,,,,,,,,,,,,,,,,,,,,,,,282.0,1.0,0.0,0.8236,0.1419191919,0.8059782982,57.6519,0.6015,0.0202020202020202,85.0
,,,,,,,,,,,,,,,,,,,,,,,,,,,,,,,,,,,,,,,,,,,,,,,,,,,,,,,,,,,,,,,,,,,,,,,,,,,,,,,,,,,,,,,,,,369.0,4.0,2.0,0.8012,0.10507087,0.9063189626,55.7114,0.1517,0.0,100.0
,,,,,,,,,,,,,,,,,,,,,,,,,,,,,,,,,,,,,,,,,,,,,,,,,,,,,,,,,,,,,,,,,,,,,,,,,,,,,,,,,,,,,,,,,,954.0,0.0,6.0,0.7977000000000001,0.1470528605,0.865883112,37.7545,0.1429,0.0,78.0
,,,,,,,,,,,,,,,,,,,,,,,,,,,,,,,,,,,,,,,,,,,,,,,,,,,,,,,,,,,,,,,,,,,,,,,,,,,,,,,,,,,,,,,,,,187.0,6.0,9.0,0.8365,0.0530612245,0.911740303,16.9695,0.2131,0.0,50.0
,,,,,,,,,,,,,,,,,,,,,,,,,,,,,,,,,,,,,,,,,,,,,,,,,,,,,,,,,,,,,,,,,,,,,,,,,,,,,,,,,,,,,,,,,,477.0,0.0,14.0,0.7548,0.1180152085,0.9419704676,41.0441,0.3841,0.0,95.0
,,,,,,,,,,,,,,,,,,,,,,,,,,,,,,,,,,,,,,,,,,,,,,,,,,,,,,,,,,,,,,,,,,,,,,,,,,,,,,,,,,,,,,,,,,2281.0,5.0,1.0,0.8001,0.0992714858,0.7997633219,41.5888,0.8282,0.0,90.0
,,,,,,,,,,,,,,,,,,,,,,,,,,,,,,,,,,,,,,,,,,,,,,,,,,,,,,,,,,,,,,,,,,,,,,,,,,,,,,,,,,,,,,,,,,528.0,3.0,6.0,0.739,0.0506906288,0.9212126732,49.9975,0.7282000000000001,0.0,80.0
,,,,,,,,,,,,,,,,,,,,,,,,,,,,,,,,,,,,,,,,,,,,,,,,,,,,,,,,,,,,,,,,,,,,,,,,,,,,,,,,,,,,,,,,,,491.0,0.0,0.0,0.8138000000000001,-0.0030426013,0.9188084006,42.31,0.1041,0.0099009900990099,92.0
,,,,,,,,,,,,,,,,,,,,,,,,,,,,,,,,,,,,,,,,,,,,,,,,,,,,,,,,,,,,,,,,,,,,,,,,,,,,,,,,,,,,,,,,,,1105.0,0.0,0.0,0.7925000000000001,-0.0045887446,0.9033892155,42.92,0.1623,0.0,80.0
,,,,,,,,,,,,,,,,,,,,,,,,,,,,,,,,,,,,,,,,,,,,,,,,,,,,,,,,,,,,,,,,,,,,,,,,,,,,,,,,,,,,,,,,,,300.0,0.0,7.0,0.7922,0.1989015152,0.9175000787,22.975,0.3848,0.0,80.0
,,,,,,,,,,,,,,,,,,,,,,,,,,,,,,,,,,,,,,,,,,,,,,,,,,,,,,,,,,,,,,,,,,,,,,,,,,,,,,,,,,,,,,,,,,335.0,0.0,2.0,0.7707,0.1599533279,0.8717119694000001,38.8684,0.157,0.0,45.0
,,,,,,,,,,,,,,,,,,,,,,,,,,,,,,,,,,,,,,,,,,,,,,,,,,,,,,,,,,,,,,,,,,,,,,,,,,,,,,,,,,,,,,,,,,223.0,0.0,0.0,0.7581,0.1654220779,0.9028347731,34.8749,0.0999,0.0206185567010309,70.0
,,,,,,,,,,,,,,,,,,,,,,,,,,,,,,,,,,,,,,,,,,,,,,,,,,,,,,,,,,,,,,,,,,,,,,,,,,,,,,,,,,,,,,,,,,370.0,0.0,1.0,0.7936000000000001,0.098659113,0.8915177584,33.65,0.6119,0.0,75.0
,,,,,,,,,,,,,,,,,,,,,,,,,,,,,,,,,,,,,,,,,,,,,,,,,,,,,,,,,,,,,,,,,,,,,,,,,,,,,,,,,,,,,,,,,,214.0,0.0,3.0,0.7434000000000001,0.191,0.7335164547,34.76,0.1041,0.0,25.0
,,,,,,,,,,,,,,,,,,,,,,,,,,,,,,,,,,,,,,,,,,,,,,,,,,,,,,,,,,,,,,,,,,,,,,,,,,,,,,,,,,,,,,,,,,314.0,0.0,5.0,0.8096,0.0682098765,0.9098261595,36.0945,0.11,0.0112359550561798,80.0
,,,,,,,,,,,,,,,,,,,,,,,,,,,,,,,,,,,,,,,,,,,,,,,,,,,,,,,,,,,,,,,,,,,,,,,,,,,,,,,,,,,,,,,,,,255.0,1.0,1.0,0.7795000000000001,0.1264492754,0.8444064856,34.76,0.9417,0.0,75.0
